<package>
  <description brief="JAJ_localization">

     JAJ_localization

  </description>
  <author>Alex Henning</author>
  <license>BSD</license>
  <review status="unreviewed" notes=""/>
  <url>http://ros.org/wiki/JAJ_localization</url>
  <depend package="rospy"/>
  <depend package="roscpp"/>
  <!-- <depend package="common_msgs"/> -->
  <depend package="std_msgs"/>
  <depend package="sensor_msgs"/>
  <depend package="nav_msgs"/>
  <depend package="geometry_msgs"/>
  <depend package="tf"/>

</package>


