Node X:  2.60000003874  , Y:  0.40000000596 ;
Node X:  2.80000004172  , Y:  0.40000000596 ;
Node X:  3.0000000447  , Y:  0.40000000596 ;
Node X:  3.20000004768  , Y:  0.40000000596 ;
Node X:  3.40000005066  , Y:  0.40000000596 ;
Node X:  3.60000005364  , Y:  0.40000000596 ;
Node X:  3.80000005662  , Y:  0.40000000596 ;
Node X:  4.0000000596  , Y:  0.40000000596 ;
Node X:  4.20000006258  , Y:  0.40000000596 ;
Node X:  4.40000006557  , Y:  0.40000000596 ;
Node X:  4.60000006855  , Y:  0.40000000596 ;
Node X:  4.80000007153  , Y:  0.40000000596 ;
Node X:  5.00000007451  , Y:  0.40000000596 ;
Node X:  5.20000007749  , Y:  0.40000000596 ;
Node X:  5.40000008047  , Y:  0.40000000596 ;
Node X:  5.60000008345  , Y:  0.40000000596 ;
Node X:  5.80000008643  , Y:  0.40000000596 ;
Node X:  6.00000008941  , Y:  0.40000000596 ;
Node X:  6.20000009239  , Y:  0.40000000596 ;
Node X:  6.40000009537  , Y:  0.40000000596 ;
Node X:  6.60000009835  , Y:  0.40000000596 ;
Node X:  6.80000010133  , Y:  0.40000000596 ;
Node X:  7.00000010431  , Y:  0.40000000596 ;
Node X:  7.20000010729  , Y:  0.40000000596 ;
Node X:  7.40000011027  , Y:  0.40000000596 ;
Node X:  2.40000003576  , Y:  0.600000008941 ;
Node X:  2.60000003874  , Y:  0.600000008941 ;
Node X:  2.80000004172  , Y:  0.600000008941 ;
Node X:  3.0000000447  , Y:  0.600000008941 ;
Node X:  3.20000004768  , Y:  0.600000008941 ;
Node X:  3.40000005066  , Y:  0.600000008941 ;
Node X:  3.60000005364  , Y:  0.600000008941 ;
Node X:  3.80000005662  , Y:  0.600000008941 ;
Node X:  4.0000000596  , Y:  0.600000008941 ;
Node X:  4.20000006258  , Y:  0.600000008941 ;
Node X:  4.40000006557  , Y:  0.600000008941 ;
Node X:  4.60000006855  , Y:  0.600000008941 ;
Node X:  4.80000007153  , Y:  0.600000008941 ;
Node X:  5.00000007451  , Y:  0.600000008941 ;
Node X:  5.20000007749  , Y:  0.600000008941 ;
Node X:  5.40000008047  , Y:  0.600000008941 ;
Node X:  5.60000008345  , Y:  0.600000008941 ;
Node X:  5.80000008643  , Y:  0.600000008941 ;
Node X:  6.00000008941  , Y:  0.600000008941 ;
Node X:  6.20000009239  , Y:  0.600000008941 ;
Node X:  6.40000009537  , Y:  0.600000008941 ;
Node X:  6.60000009835  , Y:  0.600000008941 ;
Node X:  6.80000010133  , Y:  0.600000008941 ;
Node X:  7.00000010431  , Y:  0.600000008941 ;
Node X:  7.20000010729  , Y:  0.600000008941 ;
Node X:  7.40000011027  , Y:  0.600000008941 ;
Node X:  2.20000003278  , Y:  0.800000011921 ;
Node X:  2.40000003576  , Y:  0.800000011921 ;
Node X:  2.60000003874  , Y:  0.800000011921 ;
Node X:  2.80000004172  , Y:  0.800000011921 ;
Node X:  3.0000000447  , Y:  0.800000011921 ;
Node X:  3.20000004768  , Y:  0.800000011921 ;
Node X:  3.40000005066  , Y:  0.800000011921 ;
Node X:  3.60000005364  , Y:  0.800000011921 ;
Node X:  3.80000005662  , Y:  0.800000011921 ;
Node X:  4.0000000596  , Y:  0.800000011921 ;
Node X:  4.20000006258  , Y:  0.800000011921 ;
Node X:  4.40000006557  , Y:  0.800000011921 ;
Node X:  4.60000006855  , Y:  0.800000011921 ;
Node X:  4.80000007153  , Y:  0.800000011921 ;
Node X:  5.00000007451  , Y:  0.800000011921 ;
Node X:  5.20000007749  , Y:  0.800000011921 ;
Node X:  5.40000008047  , Y:  0.800000011921 ;
Node X:  5.60000008345  , Y:  0.800000011921 ;
Node X:  5.80000008643  , Y:  0.800000011921 ;
Node X:  6.00000008941  , Y:  0.800000011921 ;
Node X:  6.20000009239  , Y:  0.800000011921 ;
Node X:  6.40000009537  , Y:  0.800000011921 ;
Node X:  6.60000009835  , Y:  0.800000011921 ;
Node X:  6.80000010133  , Y:  0.800000011921 ;
Node X:  7.00000010431  , Y:  0.800000011921 ;
Node X:  7.20000010729  , Y:  0.800000011921 ;
Node X:  7.40000011027  , Y:  0.800000011921 ;
Node X:  2.0000000298  , Y:  1.0000000149 ;
Node X:  2.20000003278  , Y:  1.0000000149 ;
Node X:  2.40000003576  , Y:  1.0000000149 ;
Node X:  2.60000003874  , Y:  1.0000000149 ;
Node X:  2.80000004172  , Y:  1.0000000149 ;
Node X:  3.0000000447  , Y:  1.0000000149 ;
Node X:  3.20000004768  , Y:  1.0000000149 ;
Node X:  3.40000005066  , Y:  1.0000000149 ;
Node X:  3.60000005364  , Y:  1.0000000149 ;
Node X:  3.80000005662  , Y:  1.0000000149 ;
Node X:  4.0000000596  , Y:  1.0000000149 ;
Node X:  4.20000006258  , Y:  1.0000000149 ;
Node X:  4.40000006557  , Y:  1.0000000149 ;
Node X:  4.60000006855  , Y:  1.0000000149 ;
Node X:  4.80000007153  , Y:  1.0000000149 ;
Node X:  5.00000007451  , Y:  1.0000000149 ;
Node X:  5.20000007749  , Y:  1.0000000149 ;
Node X:  5.40000008047  , Y:  1.0000000149 ;
Node X:  5.60000008345  , Y:  1.0000000149 ;
Node X:  5.80000008643  , Y:  1.0000000149 ;
Node X:  6.00000008941  , Y:  1.0000000149 ;
Node X:  6.20000009239  , Y:  1.0000000149 ;
Node X:  6.40000009537  , Y:  1.0000000149 ;
Node X:  6.60000009835  , Y:  1.0000000149 ;
Node X:  6.80000010133  , Y:  1.0000000149 ;
Node X:  7.00000010431  , Y:  1.0000000149 ;
Node X:  7.20000010729  , Y:  1.0000000149 ;
Node X:  7.40000011027  , Y:  1.0000000149 ;
Node X:  2.0000000298  , Y:  1.20000001788 ;
Node X:  2.20000003278  , Y:  1.20000001788 ;
Node X:  2.40000003576  , Y:  1.20000001788 ;
Node X:  2.60000003874  , Y:  1.20000001788 ;
Node X:  2.80000004172  , Y:  1.20000001788 ;
Node X:  3.0000000447  , Y:  1.20000001788 ;
Node X:  3.20000004768  , Y:  1.20000001788 ;
Node X:  3.40000005066  , Y:  1.20000001788 ;
Node X:  3.60000005364  , Y:  1.20000001788 ;
Node X:  3.80000005662  , Y:  1.20000001788 ;
Node X:  4.0000000596  , Y:  1.20000001788 ;
Node X:  4.20000006258  , Y:  1.20000001788 ;
Node X:  4.40000006557  , Y:  1.20000001788 ;
Node X:  4.60000006855  , Y:  1.20000001788 ;
Node X:  4.80000007153  , Y:  1.20000001788 ;
Node X:  5.00000007451  , Y:  1.20000001788 ;
Node X:  5.20000007749  , Y:  1.20000001788 ;
Node X:  5.40000008047  , Y:  1.20000001788 ;
Node X:  5.60000008345  , Y:  1.20000001788 ;
Node X:  5.80000008643  , Y:  1.20000001788 ;
Node X:  6.00000008941  , Y:  1.20000001788 ;
Node X:  6.20000009239  , Y:  1.20000001788 ;
Node X:  6.40000009537  , Y:  1.20000001788 ;
Node X:  6.60000009835  , Y:  1.20000001788 ;
Node X:  6.80000010133  , Y:  1.20000001788 ;
Node X:  7.00000010431  , Y:  1.20000001788 ;
Node X:  7.20000010729  , Y:  1.20000001788 ;
Node X:  7.40000011027  , Y:  1.20000001788 ;
Node X:  1.80000002682  , Y:  1.40000002086 ;
Node X:  2.0000000298  , Y:  1.40000002086 ;
Node X:  2.20000003278  , Y:  1.40000002086 ;
Node X:  2.40000003576  , Y:  1.40000002086 ;
Node X:  2.60000003874  , Y:  1.40000002086 ;
Node X:  2.80000004172  , Y:  1.40000002086 ;
Node X:  3.0000000447  , Y:  1.40000002086 ;
Node X:  3.20000004768  , Y:  1.40000002086 ;
Node X:  3.40000005066  , Y:  1.40000002086 ;
Node X:  3.60000005364  , Y:  1.40000002086 ;
Node X:  3.80000005662  , Y:  1.40000002086 ;
Node X:  4.0000000596  , Y:  1.40000002086 ;
Node X:  4.20000006258  , Y:  1.40000002086 ;
Node X:  4.40000006557  , Y:  1.40000002086 ;
Node X:  4.60000006855  , Y:  1.40000002086 ;
Node X:  4.80000007153  , Y:  1.40000002086 ;
Node X:  5.00000007451  , Y:  1.40000002086 ;
Node X:  5.20000007749  , Y:  1.40000002086 ;
Node X:  5.40000008047  , Y:  1.40000002086 ;
Node X:  5.60000008345  , Y:  1.40000002086 ;
Node X:  5.80000008643  , Y:  1.40000002086 ;
Node X:  6.00000008941  , Y:  1.40000002086 ;
Node X:  6.20000009239  , Y:  1.40000002086 ;
Node X:  6.40000009537  , Y:  1.40000002086 ;
Node X:  6.60000009835  , Y:  1.40000002086 ;
Node X:  6.80000010133  , Y:  1.40000002086 ;
Node X:  7.00000010431  , Y:  1.40000002086 ;
Node X:  7.20000010729  , Y:  1.40000002086 ;
Node X:  7.40000011027  , Y:  1.40000002086 ;
Node X:  1.60000002384  , Y:  1.60000002384 ;
Node X:  1.80000002682  , Y:  1.60000002384 ;
Node X:  2.0000000298  , Y:  1.60000002384 ;
Node X:  2.20000003278  , Y:  1.60000002384 ;
Node X:  2.40000003576  , Y:  1.60000002384 ;
Node X:  2.60000003874  , Y:  1.60000002384 ;
Node X:  2.80000004172  , Y:  1.60000002384 ;
Node X:  3.0000000447  , Y:  1.60000002384 ;
Node X:  3.20000004768  , Y:  1.60000002384 ;
Node X:  3.40000005066  , Y:  1.60000002384 ;
Node X:  3.60000005364  , Y:  1.60000002384 ;
Node X:  3.80000005662  , Y:  1.60000002384 ;
Node X:  4.0000000596  , Y:  1.60000002384 ;
Node X:  4.20000006258  , Y:  1.60000002384 ;
Node X:  4.40000006557  , Y:  1.60000002384 ;
Node X:  4.60000006855  , Y:  1.60000002384 ;
Node X:  4.80000007153  , Y:  1.60000002384 ;
Node X:  5.00000007451  , Y:  1.60000002384 ;
Node X:  5.20000007749  , Y:  1.60000002384 ;
Node X:  5.40000008047  , Y:  1.60000002384 ;
Node X:  5.60000008345  , Y:  1.60000002384 ;
Node X:  5.80000008643  , Y:  1.60000002384 ;
Node X:  6.00000008941  , Y:  1.60000002384 ;
Node X:  6.20000009239  , Y:  1.60000002384 ;
Node X:  6.40000009537  , Y:  1.60000002384 ;
Node X:  6.60000009835  , Y:  1.60000002384 ;
Node X:  6.80000010133  , Y:  1.60000002384 ;
Node X:  7.00000010431  , Y:  1.60000002384 ;
Node X:  7.20000010729  , Y:  1.60000002384 ;
Node X:  7.40000011027  , Y:  1.60000002384 ;
Node X:  1.40000002086  , Y:  1.80000002682 ;
Node X:  1.60000002384  , Y:  1.80000002682 ;
Node X:  1.80000002682  , Y:  1.80000002682 ;
Node X:  2.0000000298  , Y:  1.80000002682 ;
Node X:  2.20000003278  , Y:  1.80000002682 ;
Node X:  2.40000003576  , Y:  1.80000002682 ;
Node X:  2.60000003874  , Y:  1.80000002682 ;
Node X:  2.80000004172  , Y:  1.80000002682 ;
Node X:  3.0000000447  , Y:  1.80000002682 ;
Node X:  3.20000004768  , Y:  1.80000002682 ;
Node X:  3.40000005066  , Y:  1.80000002682 ;
Node X:  3.60000005364  , Y:  1.80000002682 ;
Node X:  3.80000005662  , Y:  1.80000002682 ;
Node X:  4.0000000596  , Y:  1.80000002682 ;
Node X:  4.20000006258  , Y:  1.80000002682 ;
Node X:  4.40000006557  , Y:  1.80000002682 ;
Node X:  4.60000006855  , Y:  1.80000002682 ;
Node X:  4.80000007153  , Y:  1.80000002682 ;
Node X:  5.00000007451  , Y:  1.80000002682 ;
Node X:  5.20000007749  , Y:  1.80000002682 ;
Node X:  5.40000008047  , Y:  1.80000002682 ;
Node X:  5.60000008345  , Y:  1.80000002682 ;
Node X:  5.80000008643  , Y:  1.80000002682 ;
Node X:  6.00000008941  , Y:  1.80000002682 ;
Node X:  6.20000009239  , Y:  1.80000002682 ;
Node X:  6.40000009537  , Y:  1.80000002682 ;
Node X:  6.60000009835  , Y:  1.80000002682 ;
Node X:  6.80000010133  , Y:  1.80000002682 ;
Node X:  7.00000010431  , Y:  1.80000002682 ;
Node X:  7.20000010729  , Y:  1.80000002682 ;
Node X:  7.40000011027  , Y:  1.80000002682 ;
Node X:  1.20000001788  , Y:  2.0000000298 ;
Node X:  1.40000002086  , Y:  2.0000000298 ;
Node X:  1.60000002384  , Y:  2.0000000298 ;
Node X:  1.80000002682  , Y:  2.0000000298 ;
Node X:  2.0000000298  , Y:  2.0000000298 ;
Node X:  2.20000003278  , Y:  2.0000000298 ;
Node X:  2.40000003576  , Y:  2.0000000298 ;
Node X:  2.60000003874  , Y:  2.0000000298 ;
Node X:  2.80000004172  , Y:  2.0000000298 ;
Node X:  3.0000000447  , Y:  2.0000000298 ;
Node X:  3.20000004768  , Y:  2.0000000298 ;
Node X:  3.40000005066  , Y:  2.0000000298 ;
Node X:  3.60000005364  , Y:  2.0000000298 ;
Node X:  3.80000005662  , Y:  2.0000000298 ;
Node X:  4.0000000596  , Y:  2.0000000298 ;
Node X:  4.20000006258  , Y:  2.0000000298 ;
Node X:  4.40000006557  , Y:  2.0000000298 ;
Node X:  4.60000006855  , Y:  2.0000000298 ;
Node X:  4.80000007153  , Y:  2.0000000298 ;
Node X:  5.00000007451  , Y:  2.0000000298 ;
Node X:  5.20000007749  , Y:  2.0000000298 ;
Node X:  5.40000008047  , Y:  2.0000000298 ;
Node X:  5.60000008345  , Y:  2.0000000298 ;
Node X:  5.80000008643  , Y:  2.0000000298 ;
Node X:  6.00000008941  , Y:  2.0000000298 ;
Node X:  6.20000009239  , Y:  2.0000000298 ;
Node X:  6.40000009537  , Y:  2.0000000298 ;
Node X:  6.60000009835  , Y:  2.0000000298 ;
Node X:  6.80000010133  , Y:  2.0000000298 ;
Node X:  7.00000010431  , Y:  2.0000000298 ;
Node X:  7.20000010729  , Y:  2.0000000298 ;
Node X:  7.40000011027  , Y:  2.0000000298 ;
Node X:  1.0000000149  , Y:  2.20000003278 ;
Node X:  1.20000001788  , Y:  2.20000003278 ;
Node X:  1.40000002086  , Y:  2.20000003278 ;
Node X:  1.60000002384  , Y:  2.20000003278 ;
Node X:  1.80000002682  , Y:  2.20000003278 ;
Node X:  2.0000000298  , Y:  2.20000003278 ;
Node X:  2.20000003278  , Y:  2.20000003278 ;
Node X:  2.40000003576  , Y:  2.20000003278 ;
Node X:  2.60000003874  , Y:  2.20000003278 ;
Node X:  2.80000004172  , Y:  2.20000003278 ;
Node X:  3.0000000447  , Y:  2.20000003278 ;
Node X:  3.20000004768  , Y:  2.20000003278 ;
Node X:  3.40000005066  , Y:  2.20000003278 ;
Node X:  3.60000005364  , Y:  2.20000003278 ;
Node X:  3.80000005662  , Y:  2.20000003278 ;
Node X:  4.0000000596  , Y:  2.20000003278 ;
Node X:  4.20000006258  , Y:  2.20000003278 ;
Node X:  4.40000006557  , Y:  2.20000003278 ;
Node X:  4.60000006855  , Y:  2.20000003278 ;
Node X:  4.80000007153  , Y:  2.20000003278 ;
Node X:  5.00000007451  , Y:  2.20000003278 ;
Node X:  5.20000007749  , Y:  2.20000003278 ;
Node X:  5.40000008047  , Y:  2.20000003278 ;
Node X:  5.60000008345  , Y:  2.20000003278 ;
Node X:  5.80000008643  , Y:  2.20000003278 ;
Node X:  6.00000008941  , Y:  2.20000003278 ;
Node X:  6.20000009239  , Y:  2.20000003278 ;
Node X:  6.40000009537  , Y:  2.20000003278 ;
Node X:  6.60000009835  , Y:  2.20000003278 ;
Node X:  6.80000010133  , Y:  2.20000003278 ;
Node X:  7.00000010431  , Y:  2.20000003278 ;
Node X:  7.20000010729  , Y:  2.20000003278 ;
Node X:  7.40000011027  , Y:  2.20000003278 ;
Node X:  0.800000011921  , Y:  2.40000003576 ;
Node X:  1.0000000149  , Y:  2.40000003576 ;
Node X:  1.20000001788  , Y:  2.40000003576 ;
Node X:  1.40000002086  , Y:  2.40000003576 ;
Node X:  1.60000002384  , Y:  2.40000003576 ;
Node X:  1.80000002682  , Y:  2.40000003576 ;
Node X:  2.0000000298  , Y:  2.40000003576 ;
Node X:  2.20000003278  , Y:  2.40000003576 ;
Node X:  2.40000003576  , Y:  2.40000003576 ;
Node X:  2.60000003874  , Y:  2.40000003576 ;
Node X:  2.80000004172  , Y:  2.40000003576 ;
Node X:  3.0000000447  , Y:  2.40000003576 ;
Node X:  3.20000004768  , Y:  2.40000003576 ;
Node X:  3.40000005066  , Y:  2.40000003576 ;
Node X:  3.60000005364  , Y:  2.40000003576 ;
Node X:  3.80000005662  , Y:  2.40000003576 ;
Node X:  4.0000000596  , Y:  2.40000003576 ;
Node X:  4.20000006258  , Y:  2.40000003576 ;
Node X:  4.40000006557  , Y:  2.40000003576 ;
Node X:  4.60000006855  , Y:  2.40000003576 ;
Node X:  4.80000007153  , Y:  2.40000003576 ;
Node X:  5.00000007451  , Y:  2.40000003576 ;
Node X:  5.20000007749  , Y:  2.40000003576 ;
Node X:  5.40000008047  , Y:  2.40000003576 ;
Node X:  5.60000008345  , Y:  2.40000003576 ;
Node X:  5.80000008643  , Y:  2.40000003576 ;
Node X:  6.00000008941  , Y:  2.40000003576 ;
Node X:  6.20000009239  , Y:  2.40000003576 ;
Node X:  6.40000009537  , Y:  2.40000003576 ;
Node X:  6.60000009835  , Y:  2.40000003576 ;
Node X:  6.80000010133  , Y:  2.40000003576 ;
Node X:  7.00000010431  , Y:  2.40000003576 ;
Node X:  7.20000010729  , Y:  2.40000003576 ;
Node X:  7.40000011027  , Y:  2.40000003576 ;
Node X:  0.600000008941  , Y:  2.60000003874 ;
Node X:  0.800000011921  , Y:  2.60000003874 ;
Node X:  1.0000000149  , Y:  2.60000003874 ;
Node X:  1.20000001788  , Y:  2.60000003874 ;
Node X:  1.40000002086  , Y:  2.60000003874 ;
Node X:  1.60000002384  , Y:  2.60000003874 ;
Node X:  1.80000002682  , Y:  2.60000003874 ;
Node X:  2.0000000298  , Y:  2.60000003874 ;
Node X:  2.20000003278  , Y:  2.60000003874 ;
Node X:  2.40000003576  , Y:  2.60000003874 ;
Node X:  2.60000003874  , Y:  2.60000003874 ;
Node X:  2.80000004172  , Y:  2.60000003874 ;
Node X:  3.0000000447  , Y:  2.60000003874 ;
Node X:  3.20000004768  , Y:  2.60000003874 ;
Node X:  3.40000005066  , Y:  2.60000003874 ;
Node X:  3.60000005364  , Y:  2.60000003874 ;
Node X:  3.80000005662  , Y:  2.60000003874 ;
Node X:  4.0000000596  , Y:  2.60000003874 ;
Node X:  4.20000006258  , Y:  2.60000003874 ;
Node X:  4.40000006557  , Y:  2.60000003874 ;
Node X:  4.60000006855  , Y:  2.60000003874 ;
Node X:  4.80000007153  , Y:  2.60000003874 ;
Node X:  5.00000007451  , Y:  2.60000003874 ;
Node X:  5.20000007749  , Y:  2.60000003874 ;
Node X:  5.40000008047  , Y:  2.60000003874 ;
Node X:  5.60000008345  , Y:  2.60000003874 ;
Node X:  5.80000008643  , Y:  2.60000003874 ;
Node X:  6.00000008941  , Y:  2.60000003874 ;
Node X:  6.20000009239  , Y:  2.60000003874 ;
Node X:  6.40000009537  , Y:  2.60000003874 ;
Node X:  6.60000009835  , Y:  2.60000003874 ;
Node X:  6.80000010133  , Y:  2.60000003874 ;
Node X:  7.00000010431  , Y:  2.60000003874 ;
Node X:  7.20000010729  , Y:  2.60000003874 ;
Node X:  7.40000011027  , Y:  2.60000003874 ;
Node X:  0.40000000596  , Y:  2.80000004172 ;
Node X:  0.600000008941  , Y:  2.80000004172 ;
Node X:  0.800000011921  , Y:  2.80000004172 ;
Node X:  1.0000000149  , Y:  2.80000004172 ;
Node X:  1.20000001788  , Y:  2.80000004172 ;
Node X:  1.40000002086  , Y:  2.80000004172 ;
Node X:  1.60000002384  , Y:  2.80000004172 ;
Node X:  1.80000002682  , Y:  2.80000004172 ;
Node X:  2.0000000298  , Y:  2.80000004172 ;
Node X:  2.20000003278  , Y:  2.80000004172 ;
Node X:  2.40000003576  , Y:  2.80000004172 ;
Node X:  2.60000003874  , Y:  2.80000004172 ;
Node X:  2.80000004172  , Y:  2.80000004172 ;
Node X:  3.0000000447  , Y:  2.80000004172 ;
Node X:  3.20000004768  , Y:  2.80000004172 ;
Node X:  3.40000005066  , Y:  2.80000004172 ;
Node X:  3.60000005364  , Y:  2.80000004172 ;
Node X:  3.80000005662  , Y:  2.80000004172 ;
Node X:  4.0000000596  , Y:  2.80000004172 ;
Node X:  4.20000006258  , Y:  2.80000004172 ;
Node X:  4.40000006557  , Y:  2.80000004172 ;
Node X:  4.60000006855  , Y:  2.80000004172 ;
Node X:  4.80000007153  , Y:  2.80000004172 ;
Node X:  5.00000007451  , Y:  2.80000004172 ;
Node X:  5.20000007749  , Y:  2.80000004172 ;
Node X:  5.40000008047  , Y:  2.80000004172 ;
Node X:  5.60000008345  , Y:  2.80000004172 ;
Node X:  5.80000008643  , Y:  2.80000004172 ;
Node X:  6.00000008941  , Y:  2.80000004172 ;
Node X:  6.20000009239  , Y:  2.80000004172 ;
Node X:  6.40000009537  , Y:  2.80000004172 ;
Node X:  6.60000009835  , Y:  2.80000004172 ;
Node X:  6.80000010133  , Y:  2.80000004172 ;
Node X:  7.00000010431  , Y:  2.80000004172 ;
Node X:  7.20000010729  , Y:  2.80000004172 ;
Node X:  7.40000011027  , Y:  2.80000004172 ;
Node X:  0.40000000596  , Y:  3.0000000447 ;
Node X:  0.600000008941  , Y:  3.0000000447 ;
Node X:  0.800000011921  , Y:  3.0000000447 ;
Node X:  1.0000000149  , Y:  3.0000000447 ;
Node X:  1.20000001788  , Y:  3.0000000447 ;
Node X:  1.40000002086  , Y:  3.0000000447 ;
Node X:  1.60000002384  , Y:  3.0000000447 ;
Node X:  1.80000002682  , Y:  3.0000000447 ;
Node X:  2.0000000298  , Y:  3.0000000447 ;
Node X:  2.20000003278  , Y:  3.0000000447 ;
Node X:  2.40000003576  , Y:  3.0000000447 ;
Node X:  2.60000003874  , Y:  3.0000000447 ;
Node X:  2.80000004172  , Y:  3.0000000447 ;
Node X:  3.0000000447  , Y:  3.0000000447 ;
Node X:  3.20000004768  , Y:  3.0000000447 ;
Node X:  3.40000005066  , Y:  3.0000000447 ;
Node X:  3.60000005364  , Y:  3.0000000447 ;
Node X:  3.80000005662  , Y:  3.0000000447 ;
Node X:  4.0000000596  , Y:  3.0000000447 ;
Node X:  4.20000006258  , Y:  3.0000000447 ;
Node X:  4.40000006557  , Y:  3.0000000447 ;
Node X:  4.60000006855  , Y:  3.0000000447 ;
Node X:  4.80000007153  , Y:  3.0000000447 ;
Node X:  5.00000007451  , Y:  3.0000000447 ;
Node X:  5.20000007749  , Y:  3.0000000447 ;
Node X:  5.40000008047  , Y:  3.0000000447 ;
Node X:  5.60000008345  , Y:  3.0000000447 ;
Node X:  5.80000008643  , Y:  3.0000000447 ;
Node X:  6.00000008941  , Y:  3.0000000447 ;
Node X:  6.20000009239  , Y:  3.0000000447 ;
Node X:  6.40000009537  , Y:  3.0000000447 ;
Node X:  6.60000009835  , Y:  3.0000000447 ;
Node X:  6.80000010133  , Y:  3.0000000447 ;
Node X:  7.00000010431  , Y:  3.0000000447 ;
Node X:  7.20000010729  , Y:  3.0000000447 ;
Node X:  7.40000011027  , Y:  3.0000000447 ;
Node X:  0.40000000596  , Y:  3.20000004768 ;
Node X:  0.600000008941  , Y:  3.20000004768 ;
Node X:  0.800000011921  , Y:  3.20000004768 ;
Node X:  1.0000000149  , Y:  3.20000004768 ;
Node X:  1.20000001788  , Y:  3.20000004768 ;
Node X:  1.40000002086  , Y:  3.20000004768 ;
Node X:  1.60000002384  , Y:  3.20000004768 ;
Node X:  1.80000002682  , Y:  3.20000004768 ;
Node X:  2.0000000298  , Y:  3.20000004768 ;
Node X:  2.20000003278  , Y:  3.20000004768 ;
Node X:  2.40000003576  , Y:  3.20000004768 ;
Node X:  2.60000003874  , Y:  3.20000004768 ;
Node X:  2.80000004172  , Y:  3.20000004768 ;
Node X:  3.0000000447  , Y:  3.20000004768 ;
Node X:  3.20000004768  , Y:  3.20000004768 ;
Node X:  3.40000005066  , Y:  3.20000004768 ;
Node X:  3.60000005364  , Y:  3.20000004768 ;
Node X:  3.80000005662  , Y:  3.20000004768 ;
Node X:  4.0000000596  , Y:  3.20000004768 ;
Node X:  4.20000006258  , Y:  3.20000004768 ;
Node X:  4.40000006557  , Y:  3.20000004768 ;
Node X:  4.60000006855  , Y:  3.20000004768 ;
Node X:  4.80000007153  , Y:  3.20000004768 ;
Node X:  5.00000007451  , Y:  3.20000004768 ;
Node X:  5.20000007749  , Y:  3.20000004768 ;
Node X:  5.40000008047  , Y:  3.20000004768 ;
Node X:  5.60000008345  , Y:  3.20000004768 ;
Node X:  5.80000008643  , Y:  3.20000004768 ;
Node X:  6.00000008941  , Y:  3.20000004768 ;
Node X:  6.20000009239  , Y:  3.20000004768 ;
Node X:  6.40000009537  , Y:  3.20000004768 ;
Node X:  6.60000009835  , Y:  3.20000004768 ;
Node X:  6.80000010133  , Y:  3.20000004768 ;
Node X:  7.00000010431  , Y:  3.20000004768 ;
Node X:  7.20000010729  , Y:  3.20000004768 ;
Node X:  7.40000011027  , Y:  3.20000004768 ;
Node X:  0.40000000596  , Y:  3.40000005066 ;
Node X:  0.600000008941  , Y:  3.40000005066 ;
Node X:  0.800000011921  , Y:  3.40000005066 ;
Node X:  1.0000000149  , Y:  3.40000005066 ;
Node X:  1.20000001788  , Y:  3.40000005066 ;
Node X:  1.40000002086  , Y:  3.40000005066 ;
Node X:  1.60000002384  , Y:  3.40000005066 ;
Node X:  1.80000002682  , Y:  3.40000005066 ;
Node X:  2.0000000298  , Y:  3.40000005066 ;
Node X:  2.20000003278  , Y:  3.40000005066 ;
Node X:  2.40000003576  , Y:  3.40000005066 ;
Node X:  2.60000003874  , Y:  3.40000005066 ;
Node X:  2.80000004172  , Y:  3.40000005066 ;
Node X:  3.0000000447  , Y:  3.40000005066 ;
Node X:  3.20000004768  , Y:  3.40000005066 ;
Node X:  3.40000005066  , Y:  3.40000005066 ;
Node X:  3.60000005364  , Y:  3.40000005066 ;
Node X:  3.80000005662  , Y:  3.40000005066 ;
Node X:  4.0000000596  , Y:  3.40000005066 ;
Node X:  4.20000006258  , Y:  3.40000005066 ;
Node X:  4.40000006557  , Y:  3.40000005066 ;
Node X:  4.60000006855  , Y:  3.40000005066 ;
Node X:  4.80000007153  , Y:  3.40000005066 ;
Node X:  5.00000007451  , Y:  3.40000005066 ;
Node X:  5.20000007749  , Y:  3.40000005066 ;
Node X:  5.40000008047  , Y:  3.40000005066 ;
Node X:  5.60000008345  , Y:  3.40000005066 ;
Node X:  5.80000008643  , Y:  3.40000005066 ;
Node X:  6.00000008941  , Y:  3.40000005066 ;
Node X:  6.20000009239  , Y:  3.40000005066 ;
Node X:  6.40000009537  , Y:  3.40000005066 ;
Node X:  6.60000009835  , Y:  3.40000005066 ;
Node X:  6.80000010133  , Y:  3.40000005066 ;
Node X:  7.00000010431  , Y:  3.40000005066 ;
Node X:  7.20000010729  , Y:  3.40000005066 ;
Node X:  7.40000011027  , Y:  3.40000005066 ;
Node X:  0.40000000596  , Y:  3.60000005364 ;
Node X:  0.600000008941  , Y:  3.60000005364 ;
Node X:  0.800000011921  , Y:  3.60000005364 ;
Node X:  1.0000000149  , Y:  3.60000005364 ;
Node X:  1.20000001788  , Y:  3.60000005364 ;
Node X:  1.40000002086  , Y:  3.60000005364 ;
Node X:  1.60000002384  , Y:  3.60000005364 ;
Node X:  1.80000002682  , Y:  3.60000005364 ;
Node X:  2.0000000298  , Y:  3.60000005364 ;
Node X:  2.20000003278  , Y:  3.60000005364 ;
Node X:  2.40000003576  , Y:  3.60000005364 ;
Node X:  2.60000003874  , Y:  3.60000005364 ;
Node X:  2.80000004172  , Y:  3.60000005364 ;
Node X:  3.0000000447  , Y:  3.60000005364 ;
Node X:  3.20000004768  , Y:  3.60000005364 ;
Node X:  3.40000005066  , Y:  3.60000005364 ;
Node X:  3.60000005364  , Y:  3.60000005364 ;
Node X:  3.80000005662  , Y:  3.60000005364 ;
Node X:  4.0000000596  , Y:  3.60000005364 ;
Node X:  4.20000006258  , Y:  3.60000005364 ;
Node X:  4.40000006557  , Y:  3.60000005364 ;
Node X:  4.60000006855  , Y:  3.60000005364 ;
Node X:  4.80000007153  , Y:  3.60000005364 ;
Node X:  5.00000007451  , Y:  3.60000005364 ;
Node X:  5.20000007749  , Y:  3.60000005364 ;
Node X:  5.40000008047  , Y:  3.60000005364 ;
Node X:  5.60000008345  , Y:  3.60000005364 ;
Node X:  5.80000008643  , Y:  3.60000005364 ;
Node X:  6.00000008941  , Y:  3.60000005364 ;
Node X:  6.20000009239  , Y:  3.60000005364 ;
Node X:  6.40000009537  , Y:  3.60000005364 ;
Node X:  6.60000009835  , Y:  3.60000005364 ;
Node X:  6.80000010133  , Y:  3.60000005364 ;
Node X:  7.00000010431  , Y:  3.60000005364 ;
Node X:  7.20000010729  , Y:  3.60000005364 ;
Node X:  7.40000011027  , Y:  3.60000005364 ;
Node X:  0.40000000596  , Y:  3.80000005662 ;
Node X:  0.600000008941  , Y:  3.80000005662 ;
Node X:  0.800000011921  , Y:  3.80000005662 ;
Node X:  1.0000000149  , Y:  3.80000005662 ;
Node X:  1.20000001788  , Y:  3.80000005662 ;
Node X:  1.40000002086  , Y:  3.80000005662 ;
Node X:  1.60000002384  , Y:  3.80000005662 ;
Node X:  1.80000002682  , Y:  3.80000005662 ;
Node X:  2.0000000298  , Y:  3.80000005662 ;
Node X:  2.20000003278  , Y:  3.80000005662 ;
Node X:  2.40000003576  , Y:  3.80000005662 ;
Node X:  2.60000003874  , Y:  3.80000005662 ;
Node X:  2.80000004172  , Y:  3.80000005662 ;
Node X:  3.0000000447  , Y:  3.80000005662 ;
Node X:  3.20000004768  , Y:  3.80000005662 ;
Node X:  3.40000005066  , Y:  3.80000005662 ;
Node X:  3.60000005364  , Y:  3.80000005662 ;
Node X:  3.80000005662  , Y:  3.80000005662 ;
Node X:  4.0000000596  , Y:  3.80000005662 ;
Node X:  4.20000006258  , Y:  3.80000005662 ;
Node X:  4.40000006557  , Y:  3.80000005662 ;
Node X:  4.60000006855  , Y:  3.80000005662 ;
Node X:  4.80000007153  , Y:  3.80000005662 ;
Node X:  5.00000007451  , Y:  3.80000005662 ;
Node X:  5.20000007749  , Y:  3.80000005662 ;
Node X:  5.40000008047  , Y:  3.80000005662 ;
Node X:  5.60000008345  , Y:  3.80000005662 ;
Node X:  5.80000008643  , Y:  3.80000005662 ;
Node X:  6.00000008941  , Y:  3.80000005662 ;
Node X:  6.20000009239  , Y:  3.80000005662 ;
Node X:  6.40000009537  , Y:  3.80000005662 ;
Node X:  6.60000009835  , Y:  3.80000005662 ;
Node X:  6.80000010133  , Y:  3.80000005662 ;
Node X:  7.00000010431  , Y:  3.80000005662 ;
Node X:  7.20000010729  , Y:  3.80000005662 ;
Node X:  7.40000011027  , Y:  3.80000005662 ;
Node X:  0.40000000596  , Y:  4.0000000596 ;
Node X:  0.600000008941  , Y:  4.0000000596 ;
Node X:  0.800000011921  , Y:  4.0000000596 ;
Node X:  1.0000000149  , Y:  4.0000000596 ;
Node X:  1.20000001788  , Y:  4.0000000596 ;
Node X:  1.40000002086  , Y:  4.0000000596 ;
Node X:  1.60000002384  , Y:  4.0000000596 ;
Node X:  1.80000002682  , Y:  4.0000000596 ;
Node X:  2.0000000298  , Y:  4.0000000596 ;
Node X:  2.20000003278  , Y:  4.0000000596 ;
Node X:  2.40000003576  , Y:  4.0000000596 ;
Node X:  2.60000003874  , Y:  4.0000000596 ;
Node X:  2.80000004172  , Y:  4.0000000596 ;
Node X:  3.0000000447  , Y:  4.0000000596 ;
Node X:  3.20000004768  , Y:  4.0000000596 ;
Node X:  3.40000005066  , Y:  4.0000000596 ;
Node X:  3.60000005364  , Y:  4.0000000596 ;
Node X:  3.80000005662  , Y:  4.0000000596 ;
Node X:  4.0000000596  , Y:  4.0000000596 ;
Node X:  4.20000006258  , Y:  4.0000000596 ;
Node X:  4.40000006557  , Y:  4.0000000596 ;
Node X:  4.60000006855  , Y:  4.0000000596 ;
Node X:  4.80000007153  , Y:  4.0000000596 ;
Node X:  5.00000007451  , Y:  4.0000000596 ;
Node X:  5.20000007749  , Y:  4.0000000596 ;
Node X:  5.40000008047  , Y:  4.0000000596 ;
Node X:  5.60000008345  , Y:  4.0000000596 ;
Node X:  5.80000008643  , Y:  4.0000000596 ;
Node X:  6.00000008941  , Y:  4.0000000596 ;
Node X:  6.20000009239  , Y:  4.0000000596 ;
Node X:  6.40000009537  , Y:  4.0000000596 ;
Node X:  6.60000009835  , Y:  4.0000000596 ;
Node X:  6.80000010133  , Y:  4.0000000596 ;
Node X:  7.00000010431  , Y:  4.0000000596 ;
Node X:  7.20000010729  , Y:  4.0000000596 ;
Node X:  7.40000011027  , Y:  4.0000000596 ;
Node X:  0.40000000596  , Y:  4.20000006258 ;
Node X:  0.600000008941  , Y:  4.20000006258 ;
Node X:  0.800000011921  , Y:  4.20000006258 ;
Node X:  1.0000000149  , Y:  4.20000006258 ;
Node X:  1.20000001788  , Y:  4.20000006258 ;
Node X:  1.40000002086  , Y:  4.20000006258 ;
Node X:  1.60000002384  , Y:  4.20000006258 ;
Node X:  1.80000002682  , Y:  4.20000006258 ;
Node X:  2.0000000298  , Y:  4.20000006258 ;
Node X:  2.20000003278  , Y:  4.20000006258 ;
Node X:  2.40000003576  , Y:  4.20000006258 ;
Node X:  2.60000003874  , Y:  4.20000006258 ;
Node X:  2.80000004172  , Y:  4.20000006258 ;
Node X:  3.0000000447  , Y:  4.20000006258 ;
Node X:  3.20000004768  , Y:  4.20000006258 ;
Node X:  3.40000005066  , Y:  4.20000006258 ;
Node X:  3.60000005364  , Y:  4.20000006258 ;
Node X:  3.80000005662  , Y:  4.20000006258 ;
Node X:  4.0000000596  , Y:  4.20000006258 ;
Node X:  4.20000006258  , Y:  4.20000006258 ;
Node X:  4.40000006557  , Y:  4.20000006258 ;
Node X:  4.60000006855  , Y:  4.20000006258 ;
Node X:  4.80000007153  , Y:  4.20000006258 ;
Node X:  5.00000007451  , Y:  4.20000006258 ;
Node X:  5.20000007749  , Y:  4.20000006258 ;
Node X:  5.40000008047  , Y:  4.20000006258 ;
Node X:  5.60000008345  , Y:  4.20000006258 ;
Node X:  5.80000008643  , Y:  4.20000006258 ;
Node X:  6.00000008941  , Y:  4.20000006258 ;
Node X:  6.20000009239  , Y:  4.20000006258 ;
Node X:  6.40000009537  , Y:  4.20000006258 ;
Node X:  6.60000009835  , Y:  4.20000006258 ;
Node X:  6.80000010133  , Y:  4.20000006258 ;
Node X:  7.00000010431  , Y:  4.20000006258 ;
Node X:  7.20000010729  , Y:  4.20000006258 ;
Node X:  7.40000011027  , Y:  4.20000006258 ;
Node X:  0.40000000596  , Y:  4.40000006557 ;
Node X:  0.600000008941  , Y:  4.40000006557 ;
Node X:  0.800000011921  , Y:  4.40000006557 ;
Node X:  1.0000000149  , Y:  4.40000006557 ;
Node X:  1.20000001788  , Y:  4.40000006557 ;
Node X:  1.40000002086  , Y:  4.40000006557 ;
Node X:  1.60000002384  , Y:  4.40000006557 ;
Node X:  1.80000002682  , Y:  4.40000006557 ;
Node X:  2.0000000298  , Y:  4.40000006557 ;
Node X:  2.20000003278  , Y:  4.40000006557 ;
Node X:  2.40000003576  , Y:  4.40000006557 ;
Node X:  2.60000003874  , Y:  4.40000006557 ;
Node X:  2.80000004172  , Y:  4.40000006557 ;
Node X:  3.0000000447  , Y:  4.40000006557 ;
Node X:  3.20000004768  , Y:  4.40000006557 ;
Node X:  3.40000005066  , Y:  4.40000006557 ;
Node X:  3.60000005364  , Y:  4.40000006557 ;
Node X:  3.80000005662  , Y:  4.40000006557 ;
Node X:  4.0000000596  , Y:  4.40000006557 ;
Node X:  4.20000006258  , Y:  4.40000006557 ;
Node X:  4.40000006557  , Y:  4.40000006557 ;
Node X:  4.60000006855  , Y:  4.40000006557 ;
Node X:  4.80000007153  , Y:  4.40000006557 ;
Node X:  5.00000007451  , Y:  4.40000006557 ;
Node X:  5.20000007749  , Y:  4.40000006557 ;
Node X:  5.40000008047  , Y:  4.40000006557 ;
Node X:  5.60000008345  , Y:  4.40000006557 ;
Node X:  5.80000008643  , Y:  4.40000006557 ;
Node X:  6.00000008941  , Y:  4.40000006557 ;
Node X:  6.20000009239  , Y:  4.40000006557 ;
Node X:  6.40000009537  , Y:  4.40000006557 ;
Node X:  6.60000009835  , Y:  4.40000006557 ;
Node X:  6.80000010133  , Y:  4.40000006557 ;
Node X:  7.00000010431  , Y:  4.40000006557 ;
Node X:  7.20000010729  , Y:  4.40000006557 ;
Node X:  7.40000011027  , Y:  4.40000006557 ;
Node X:  0.40000000596  , Y:  4.60000006855 ;
Node X:  0.600000008941  , Y:  4.60000006855 ;
Node X:  0.800000011921  , Y:  4.60000006855 ;
Node X:  1.0000000149  , Y:  4.60000006855 ;
Node X:  1.20000001788  , Y:  4.60000006855 ;
Node X:  1.40000002086  , Y:  4.60000006855 ;
Node X:  1.60000002384  , Y:  4.60000006855 ;
Node X:  1.80000002682  , Y:  4.60000006855 ;
Node X:  2.0000000298  , Y:  4.60000006855 ;
Node X:  2.20000003278  , Y:  4.60000006855 ;
Node X:  2.40000003576  , Y:  4.60000006855 ;
Node X:  2.60000003874  , Y:  4.60000006855 ;
Node X:  2.80000004172  , Y:  4.60000006855 ;
Node X:  3.0000000447  , Y:  4.60000006855 ;
Node X:  3.20000004768  , Y:  4.60000006855 ;
Node X:  3.40000005066  , Y:  4.60000006855 ;
Node X:  3.60000005364  , Y:  4.60000006855 ;
Node X:  3.80000005662  , Y:  4.60000006855 ;
Node X:  4.0000000596  , Y:  4.60000006855 ;
Node X:  4.20000006258  , Y:  4.60000006855 ;
Node X:  4.40000006557  , Y:  4.60000006855 ;
Node X:  4.60000006855  , Y:  4.60000006855 ;
Node X:  4.80000007153  , Y:  4.60000006855 ;
Node X:  5.00000007451  , Y:  4.60000006855 ;
Node X:  5.20000007749  , Y:  4.60000006855 ;
Node X:  5.40000008047  , Y:  4.60000006855 ;
Node X:  5.60000008345  , Y:  4.60000006855 ;
Node X:  5.80000008643  , Y:  4.60000006855 ;
Node X:  6.00000008941  , Y:  4.60000006855 ;
Node X:  6.20000009239  , Y:  4.60000006855 ;
Node X:  6.40000009537  , Y:  4.60000006855 ;
Node X:  6.60000009835  , Y:  4.60000006855 ;
Node X:  6.80000010133  , Y:  4.60000006855 ;
Node X:  7.00000010431  , Y:  4.60000006855 ;
Node X:  7.20000010729  , Y:  4.60000006855 ;
Node X:  7.40000011027  , Y:  4.60000006855 ;
Node X:  0.40000000596  , Y:  4.80000007153 ;
Node X:  0.600000008941  , Y:  4.80000007153 ;
Node X:  0.800000011921  , Y:  4.80000007153 ;
Node X:  1.0000000149  , Y:  4.80000007153 ;
Node X:  1.20000001788  , Y:  4.80000007153 ;
Node X:  1.40000002086  , Y:  4.80000007153 ;
Node X:  1.60000002384  , Y:  4.80000007153 ;
Node X:  1.80000002682  , Y:  4.80000007153 ;
Node X:  2.0000000298  , Y:  4.80000007153 ;
Node X:  2.20000003278  , Y:  4.80000007153 ;
Node X:  2.40000003576  , Y:  4.80000007153 ;
Node X:  2.60000003874  , Y:  4.80000007153 ;
Node X:  2.80000004172  , Y:  4.80000007153 ;
Node X:  3.0000000447  , Y:  4.80000007153 ;
Node X:  3.20000004768  , Y:  4.80000007153 ;
Node X:  3.40000005066  , Y:  4.80000007153 ;
Node X:  3.60000005364  , Y:  4.80000007153 ;
Node X:  3.80000005662  , Y:  4.80000007153 ;
Node X:  4.0000000596  , Y:  4.80000007153 ;
Node X:  4.20000006258  , Y:  4.80000007153 ;
Node X:  4.40000006557  , Y:  4.80000007153 ;
Node X:  4.60000006855  , Y:  4.80000007153 ;
Node X:  4.80000007153  , Y:  4.80000007153 ;
Node X:  5.00000007451  , Y:  4.80000007153 ;
Node X:  5.20000007749  , Y:  4.80000007153 ;
Node X:  5.40000008047  , Y:  4.80000007153 ;
Node X:  5.60000008345  , Y:  4.80000007153 ;
Node X:  5.80000008643  , Y:  4.80000007153 ;
Node X:  6.00000008941  , Y:  4.80000007153 ;
Node X:  6.20000009239  , Y:  4.80000007153 ;
Node X:  6.40000009537  , Y:  4.80000007153 ;
Node X:  6.60000009835  , Y:  4.80000007153 ;
Node X:  6.80000010133  , Y:  4.80000007153 ;
Node X:  7.00000010431  , Y:  4.80000007153 ;
Node X:  7.20000010729  , Y:  4.80000007153 ;
Node X:  7.40000011027  , Y:  4.80000007153 ;
Node X:  0.40000000596  , Y:  5.00000007451 ;
Node X:  0.600000008941  , Y:  5.00000007451 ;
Node X:  0.800000011921  , Y:  5.00000007451 ;
Node X:  1.0000000149  , Y:  5.00000007451 ;
Node X:  1.20000001788  , Y:  5.00000007451 ;
Node X:  1.40000002086  , Y:  5.00000007451 ;
Node X:  1.60000002384  , Y:  5.00000007451 ;
Node X:  1.80000002682  , Y:  5.00000007451 ;
Node X:  2.0000000298  , Y:  5.00000007451 ;
Node X:  2.20000003278  , Y:  5.00000007451 ;
Node X:  2.40000003576  , Y:  5.00000007451 ;
Node X:  2.60000003874  , Y:  5.00000007451 ;
Node X:  2.80000004172  , Y:  5.00000007451 ;
Node X:  3.0000000447  , Y:  5.00000007451 ;
Node X:  3.20000004768  , Y:  5.00000007451 ;
Node X:  3.40000005066  , Y:  5.00000007451 ;
Node X:  3.60000005364  , Y:  5.00000007451 ;
Node X:  3.80000005662  , Y:  5.00000007451 ;
Node X:  4.0000000596  , Y:  5.00000007451 ;
Node X:  4.20000006258  , Y:  5.00000007451 ;
Node X:  4.40000006557  , Y:  5.00000007451 ;
Node X:  4.60000006855  , Y:  5.00000007451 ;
Node X:  4.80000007153  , Y:  5.00000007451 ;
Node X:  5.00000007451  , Y:  5.00000007451 ;
Node X:  5.20000007749  , Y:  5.00000007451 ;
Node X:  5.40000008047  , Y:  5.00000007451 ;
Node X:  5.60000008345  , Y:  5.00000007451 ;
Node X:  5.80000008643  , Y:  5.00000007451 ;
Node X:  6.00000008941  , Y:  5.00000007451 ;
Node X:  6.20000009239  , Y:  5.00000007451 ;
Node X:  6.40000009537  , Y:  5.00000007451 ;
Node X:  6.60000009835  , Y:  5.00000007451 ;
Node X:  6.80000010133  , Y:  5.00000007451 ;
Node X:  7.00000010431  , Y:  5.00000007451 ;
Node X:  7.20000010729  , Y:  5.00000007451 ;
Node X:  7.40000011027  , Y:  5.00000007451 ;
Node X:  0.40000000596  , Y:  5.20000007749 ;
Node X:  0.600000008941  , Y:  5.20000007749 ;
Node X:  0.800000011921  , Y:  5.20000007749 ;
Node X:  1.0000000149  , Y:  5.20000007749 ;
Node X:  1.20000001788  , Y:  5.20000007749 ;
Node X:  1.40000002086  , Y:  5.20000007749 ;
Node X:  1.60000002384  , Y:  5.20000007749 ;
Node X:  1.80000002682  , Y:  5.20000007749 ;
Node X:  2.0000000298  , Y:  5.20000007749 ;
Node X:  2.20000003278  , Y:  5.20000007749 ;
Node X:  2.40000003576  , Y:  5.20000007749 ;
Node X:  2.60000003874  , Y:  5.20000007749 ;
Node X:  2.80000004172  , Y:  5.20000007749 ;
Node X:  3.0000000447  , Y:  5.20000007749 ;
Node X:  3.20000004768  , Y:  5.20000007749 ;
Node X:  3.40000005066  , Y:  5.20000007749 ;
Node X:  3.60000005364  , Y:  5.20000007749 ;
Node X:  3.80000005662  , Y:  5.20000007749 ;
Node X:  4.0000000596  , Y:  5.20000007749 ;
Node X:  4.20000006258  , Y:  5.20000007749 ;
Node X:  4.40000006557  , Y:  5.20000007749 ;
Node X:  4.60000006855  , Y:  5.20000007749 ;
Node X:  4.80000007153  , Y:  5.20000007749 ;
Node X:  5.00000007451  , Y:  5.20000007749 ;
Node X:  5.20000007749  , Y:  5.20000007749 ;
Node X:  5.40000008047  , Y:  5.20000007749 ;
Node X:  5.60000008345  , Y:  5.20000007749 ;
Node X:  5.80000008643  , Y:  5.20000007749 ;
Node X:  6.00000008941  , Y:  5.20000007749 ;
Node X:  6.20000009239  , Y:  5.20000007749 ;
Node X:  6.40000009537  , Y:  5.20000007749 ;
Node X:  6.60000009835  , Y:  5.20000007749 ;
Node X:  6.80000010133  , Y:  5.20000007749 ;
Node X:  7.00000010431  , Y:  5.20000007749 ;
Node X:  7.20000010729  , Y:  5.20000007749 ;
Node X:  7.40000011027  , Y:  5.20000007749 ;
Node X:  0.40000000596  , Y:  5.40000008047 ;
Node X:  0.600000008941  , Y:  5.40000008047 ;
Node X:  0.800000011921  , Y:  5.40000008047 ;
Node X:  1.0000000149  , Y:  5.40000008047 ;
Node X:  1.20000001788  , Y:  5.40000008047 ;
Node X:  1.40000002086  , Y:  5.40000008047 ;
Node X:  1.60000002384  , Y:  5.40000008047 ;
Node X:  1.80000002682  , Y:  5.40000008047 ;
Node X:  2.0000000298  , Y:  5.40000008047 ;
Node X:  2.20000003278  , Y:  5.40000008047 ;
Node X:  2.40000003576  , Y:  5.40000008047 ;
Node X:  2.60000003874  , Y:  5.40000008047 ;
Node X:  2.80000004172  , Y:  5.40000008047 ;
Node X:  3.0000000447  , Y:  5.40000008047 ;
Node X:  3.20000004768  , Y:  5.40000008047 ;
Node X:  3.40000005066  , Y:  5.40000008047 ;
Node X:  3.60000005364  , Y:  5.40000008047 ;
Node X:  3.80000005662  , Y:  5.40000008047 ;
Node X:  4.0000000596  , Y:  5.40000008047 ;
Node X:  4.20000006258  , Y:  5.40000008047 ;
Node X:  4.40000006557  , Y:  5.40000008047 ;
Node X:  4.60000006855  , Y:  5.40000008047 ;
Node X:  4.80000007153  , Y:  5.40000008047 ;
Node X:  5.00000007451  , Y:  5.40000008047 ;
Node X:  5.20000007749  , Y:  5.40000008047 ;
Node X:  5.40000008047  , Y:  5.40000008047 ;
Node X:  5.60000008345  , Y:  5.40000008047 ;
Node X:  5.80000008643  , Y:  5.40000008047 ;
Node X:  6.00000008941  , Y:  5.40000008047 ;
Node X:  6.20000009239  , Y:  5.40000008047 ;
Node X:  6.40000009537  , Y:  5.40000008047 ;
Node X:  6.60000009835  , Y:  5.40000008047 ;
Node X:  6.80000010133  , Y:  5.40000008047 ;
Node X:  7.00000010431  , Y:  5.40000008047 ;
Node X:  7.20000010729  , Y:  5.40000008047 ;
Node X:  7.40000011027  , Y:  5.40000008047 ;
Node X:  0.40000000596  , Y:  5.60000008345 ;
Node X:  0.600000008941  , Y:  5.60000008345 ;
Node X:  0.800000011921  , Y:  5.60000008345 ;
Node X:  1.0000000149  , Y:  5.60000008345 ;
Node X:  1.20000001788  , Y:  5.60000008345 ;
Node X:  1.40000002086  , Y:  5.60000008345 ;
Node X:  1.60000002384  , Y:  5.60000008345 ;
Node X:  1.80000002682  , Y:  5.60000008345 ;
Node X:  2.0000000298  , Y:  5.60000008345 ;
Node X:  2.20000003278  , Y:  5.60000008345 ;
Node X:  2.40000003576  , Y:  5.60000008345 ;
Node X:  2.60000003874  , Y:  5.60000008345 ;
Node X:  2.80000004172  , Y:  5.60000008345 ;
Node X:  3.0000000447  , Y:  5.60000008345 ;
Node X:  3.20000004768  , Y:  5.60000008345 ;
Node X:  3.40000005066  , Y:  5.60000008345 ;
Node X:  3.60000005364  , Y:  5.60000008345 ;
Node X:  3.80000005662  , Y:  5.60000008345 ;
Node X:  4.0000000596  , Y:  5.60000008345 ;
Node X:  4.20000006258  , Y:  5.60000008345 ;
Node X:  4.40000006557  , Y:  5.60000008345 ;
Node X:  4.60000006855  , Y:  5.60000008345 ;
Node X:  4.80000007153  , Y:  5.60000008345 ;
Node X:  5.00000007451  , Y:  5.60000008345 ;
Node X:  5.20000007749  , Y:  5.60000008345 ;
Node X:  5.40000008047  , Y:  5.60000008345 ;
Node X:  5.60000008345  , Y:  5.60000008345 ;
Node X:  5.80000008643  , Y:  5.60000008345 ;
Node X:  6.00000008941  , Y:  5.60000008345 ;
Node X:  6.20000009239  , Y:  5.60000008345 ;
Node X:  6.40000009537  , Y:  5.60000008345 ;
Node X:  6.60000009835  , Y:  5.60000008345 ;
Node X:  6.80000010133  , Y:  5.60000008345 ;
Node X:  7.00000010431  , Y:  5.60000008345 ;
Node X:  7.20000010729  , Y:  5.60000008345 ;
Node X:  7.40000011027  , Y:  5.60000008345 ;
Node X:  0.40000000596  , Y:  5.80000008643 ;
Node X:  0.600000008941  , Y:  5.80000008643 ;
Node X:  0.800000011921  , Y:  5.80000008643 ;
Node X:  1.0000000149  , Y:  5.80000008643 ;
Node X:  1.20000001788  , Y:  5.80000008643 ;
Node X:  1.40000002086  , Y:  5.80000008643 ;
Node X:  1.60000002384  , Y:  5.80000008643 ;
Node X:  1.80000002682  , Y:  5.80000008643 ;
Node X:  2.0000000298  , Y:  5.80000008643 ;
Node X:  2.20000003278  , Y:  5.80000008643 ;
Node X:  2.40000003576  , Y:  5.80000008643 ;
Node X:  2.60000003874  , Y:  5.80000008643 ;
Node X:  2.80000004172  , Y:  5.80000008643 ;
Node X:  3.0000000447  , Y:  5.80000008643 ;
Node X:  3.20000004768  , Y:  5.80000008643 ;
Node X:  3.40000005066  , Y:  5.80000008643 ;
Node X:  3.60000005364  , Y:  5.80000008643 ;
Node X:  3.80000005662  , Y:  5.80000008643 ;
Node X:  4.0000000596  , Y:  5.80000008643 ;
Node X:  4.20000006258  , Y:  5.80000008643 ;
Node X:  4.40000006557  , Y:  5.80000008643 ;
Node X:  4.60000006855  , Y:  5.80000008643 ;
Node X:  4.80000007153  , Y:  5.80000008643 ;
Node X:  5.00000007451  , Y:  5.80000008643 ;
Node X:  5.20000007749  , Y:  5.80000008643 ;
Node X:  5.40000008047  , Y:  5.80000008643 ;
Node X:  5.60000008345  , Y:  5.80000008643 ;
Node X:  5.80000008643  , Y:  5.80000008643 ;
Node X:  6.00000008941  , Y:  5.80000008643 ;
Node X:  6.20000009239  , Y:  5.80000008643 ;
Node X:  6.40000009537  , Y:  5.80000008643 ;
Node X:  6.60000009835  , Y:  5.80000008643 ;
Node X:  6.80000010133  , Y:  5.80000008643 ;
Node X:  7.00000010431  , Y:  5.80000008643 ;
Node X:  7.20000010729  , Y:  5.80000008643 ;
Node X:  7.40000011027  , Y:  5.80000008643 ;
Node X:  0.40000000596  , Y:  6.00000008941 ;
Node X:  0.600000008941  , Y:  6.00000008941 ;
Node X:  0.800000011921  , Y:  6.00000008941 ;
Node X:  1.0000000149  , Y:  6.00000008941 ;
Node X:  1.20000001788  , Y:  6.00000008941 ;
Node X:  1.40000002086  , Y:  6.00000008941 ;
Node X:  1.60000002384  , Y:  6.00000008941 ;
Node X:  1.80000002682  , Y:  6.00000008941 ;
Node X:  2.0000000298  , Y:  6.00000008941 ;
Node X:  2.20000003278  , Y:  6.00000008941 ;
Node X:  2.40000003576  , Y:  6.00000008941 ;
Node X:  2.60000003874  , Y:  6.00000008941 ;
Node X:  2.80000004172  , Y:  6.00000008941 ;
Node X:  3.0000000447  , Y:  6.00000008941 ;
Node X:  3.20000004768  , Y:  6.00000008941 ;
Node X:  3.40000005066  , Y:  6.00000008941 ;
Node X:  3.60000005364  , Y:  6.00000008941 ;
Node X:  3.80000005662  , Y:  6.00000008941 ;
Node X:  4.0000000596  , Y:  6.00000008941 ;
Node X:  4.20000006258  , Y:  6.00000008941 ;
Node X:  4.40000006557  , Y:  6.00000008941 ;
Node X:  4.60000006855  , Y:  6.00000008941 ;
Node X:  4.80000007153  , Y:  6.00000008941 ;
Node X:  5.00000007451  , Y:  6.00000008941 ;
Node X:  5.20000007749  , Y:  6.00000008941 ;
Node X:  5.40000008047  , Y:  6.00000008941 ;
Node X:  5.60000008345  , Y:  6.00000008941 ;
Node X:  5.80000008643  , Y:  6.00000008941 ;
Node X:  6.00000008941  , Y:  6.00000008941 ;
Node X:  6.20000009239  , Y:  6.00000008941 ;
Node X:  6.40000009537  , Y:  6.00000008941 ;
Node X:  6.60000009835  , Y:  6.00000008941 ;
Node X:  6.80000010133  , Y:  6.00000008941 ;
Node X:  7.00000010431  , Y:  6.00000008941 ;
Node X:  7.20000010729  , Y:  6.00000008941 ;
Node X:  7.40000011027  , Y:  6.00000008941 ;
Node X:  0.40000000596  , Y:  6.20000009239 ;
Node X:  0.600000008941  , Y:  6.20000009239 ;
Node X:  0.800000011921  , Y:  6.20000009239 ;
Node X:  1.0000000149  , Y:  6.20000009239 ;
Node X:  1.20000001788  , Y:  6.20000009239 ;
Node X:  1.40000002086  , Y:  6.20000009239 ;
Node X:  1.60000002384  , Y:  6.20000009239 ;
Node X:  1.80000002682  , Y:  6.20000009239 ;
Node X:  2.0000000298  , Y:  6.20000009239 ;
Node X:  2.20000003278  , Y:  6.20000009239 ;
Node X:  2.40000003576  , Y:  6.20000009239 ;
Node X:  2.60000003874  , Y:  6.20000009239 ;
Node X:  2.80000004172  , Y:  6.20000009239 ;
Node X:  3.0000000447  , Y:  6.20000009239 ;
Node X:  3.20000004768  , Y:  6.20000009239 ;
Node X:  3.40000005066  , Y:  6.20000009239 ;
Node X:  3.60000005364  , Y:  6.20000009239 ;
Node X:  3.80000005662  , Y:  6.20000009239 ;
Node X:  4.0000000596  , Y:  6.20000009239 ;
Node X:  4.20000006258  , Y:  6.20000009239 ;
Node X:  4.40000006557  , Y:  6.20000009239 ;
Node X:  4.60000006855  , Y:  6.20000009239 ;
Node X:  4.80000007153  , Y:  6.20000009239 ;
Node X:  5.00000007451  , Y:  6.20000009239 ;
Node X:  5.20000007749  , Y:  6.20000009239 ;
Node X:  5.40000008047  , Y:  6.20000009239 ;
Node X:  5.60000008345  , Y:  6.20000009239 ;
Node X:  5.80000008643  , Y:  6.20000009239 ;
Node X:  6.00000008941  , Y:  6.20000009239 ;
Node X:  6.20000009239  , Y:  6.20000009239 ;
Node X:  6.40000009537  , Y:  6.20000009239 ;
Node X:  6.60000009835  , Y:  6.20000009239 ;
Node X:  6.80000010133  , Y:  6.20000009239 ;
Node X:  7.00000010431  , Y:  6.20000009239 ;
Node X:  7.20000010729  , Y:  6.20000009239 ;
Node X:  7.40000011027  , Y:  6.20000009239 ;
Node X:  0.40000000596  , Y:  6.40000009537 ;
Node X:  0.600000008941  , Y:  6.40000009537 ;
Node X:  0.800000011921  , Y:  6.40000009537 ;
Node X:  1.0000000149  , Y:  6.40000009537 ;
Node X:  1.20000001788  , Y:  6.40000009537 ;
Node X:  1.40000002086  , Y:  6.40000009537 ;
Node X:  1.60000002384  , Y:  6.40000009537 ;
Node X:  1.80000002682  , Y:  6.40000009537 ;
Node X:  2.0000000298  , Y:  6.40000009537 ;
Node X:  2.20000003278  , Y:  6.40000009537 ;
Node X:  2.40000003576  , Y:  6.40000009537 ;
Node X:  2.60000003874  , Y:  6.40000009537 ;
Node X:  2.80000004172  , Y:  6.40000009537 ;
Node X:  3.0000000447  , Y:  6.40000009537 ;
Node X:  3.20000004768  , Y:  6.40000009537 ;
Node X:  3.40000005066  , Y:  6.40000009537 ;
Node X:  3.60000005364  , Y:  6.40000009537 ;
Node X:  3.80000005662  , Y:  6.40000009537 ;
Node X:  4.0000000596  , Y:  6.40000009537 ;
Node X:  4.20000006258  , Y:  6.40000009537 ;
Node X:  4.40000006557  , Y:  6.40000009537 ;
Node X:  4.60000006855  , Y:  6.40000009537 ;
Node X:  4.80000007153  , Y:  6.40000009537 ;
Node X:  5.00000007451  , Y:  6.40000009537 ;
Node X:  5.20000007749  , Y:  6.40000009537 ;
Node X:  5.40000008047  , Y:  6.40000009537 ;
Node X:  5.60000008345  , Y:  6.40000009537 ;
Node X:  5.80000008643  , Y:  6.40000009537 ;
Node X:  6.00000008941  , Y:  6.40000009537 ;
Node X:  6.20000009239  , Y:  6.40000009537 ;
Node X:  6.40000009537  , Y:  6.40000009537 ;
Node X:  6.60000009835  , Y:  6.40000009537 ;
Node X:  6.80000010133  , Y:  6.40000009537 ;
Node X:  7.00000010431  , Y:  6.40000009537 ;
Node X:  7.20000010729  , Y:  6.40000009537 ;
Node X:  7.40000011027  , Y:  6.40000009537 ;
Node X:  0.40000000596  , Y:  6.60000009835 ;
Node X:  0.600000008941  , Y:  6.60000009835 ;
Node X:  0.800000011921  , Y:  6.60000009835 ;
Node X:  1.0000000149  , Y:  6.60000009835 ;
Node X:  1.20000001788  , Y:  6.60000009835 ;
Node X:  1.40000002086  , Y:  6.60000009835 ;
Node X:  1.60000002384  , Y:  6.60000009835 ;
Node X:  1.80000002682  , Y:  6.60000009835 ;
Node X:  2.0000000298  , Y:  6.60000009835 ;
Node X:  2.20000003278  , Y:  6.60000009835 ;
Node X:  2.40000003576  , Y:  6.60000009835 ;
Node X:  2.60000003874  , Y:  6.60000009835 ;
Node X:  2.80000004172  , Y:  6.60000009835 ;
Node X:  3.0000000447  , Y:  6.60000009835 ;
Node X:  3.20000004768  , Y:  6.60000009835 ;
Node X:  3.40000005066  , Y:  6.60000009835 ;
Node X:  3.60000005364  , Y:  6.60000009835 ;
Node X:  3.80000005662  , Y:  6.60000009835 ;
Node X:  4.0000000596  , Y:  6.60000009835 ;
Node X:  4.20000006258  , Y:  6.60000009835 ;
Node X:  4.40000006557  , Y:  6.60000009835 ;
Node X:  4.60000006855  , Y:  6.60000009835 ;
Node X:  4.80000007153  , Y:  6.60000009835 ;
Node X:  5.00000007451  , Y:  6.60000009835 ;
Node X:  5.20000007749  , Y:  6.60000009835 ;
Node X:  5.40000008047  , Y:  6.60000009835 ;
Node X:  5.60000008345  , Y:  6.60000009835 ;
Node X:  5.80000008643  , Y:  6.60000009835 ;
Node X:  6.00000008941  , Y:  6.60000009835 ;
Node X:  6.20000009239  , Y:  6.60000009835 ;
Node X:  6.40000009537  , Y:  6.60000009835 ;
Node X:  6.60000009835  , Y:  6.60000009835 ;
Node X:  6.80000010133  , Y:  6.60000009835 ;
Node X:  7.00000010431  , Y:  6.60000009835 ;
Node X:  7.20000010729  , Y:  6.60000009835 ;
Node X:  7.40000011027  , Y:  6.60000009835 ;
Node X:  0.40000000596  , Y:  6.80000010133 ;
Node X:  0.600000008941  , Y:  6.80000010133 ;
Node X:  0.800000011921  , Y:  6.80000010133 ;
Node X:  1.0000000149  , Y:  6.80000010133 ;
Node X:  1.20000001788  , Y:  6.80000010133 ;
Node X:  1.40000002086  , Y:  6.80000010133 ;
Node X:  1.60000002384  , Y:  6.80000010133 ;
Node X:  1.80000002682  , Y:  6.80000010133 ;
Node X:  2.0000000298  , Y:  6.80000010133 ;
Node X:  2.20000003278  , Y:  6.80000010133 ;
Node X:  2.40000003576  , Y:  6.80000010133 ;
Node X:  2.60000003874  , Y:  6.80000010133 ;
Node X:  2.80000004172  , Y:  6.80000010133 ;
Node X:  3.0000000447  , Y:  6.80000010133 ;
Node X:  3.20000004768  , Y:  6.80000010133 ;
Node X:  3.40000005066  , Y:  6.80000010133 ;
Node X:  3.60000005364  , Y:  6.80000010133 ;
Node X:  3.80000005662  , Y:  6.80000010133 ;
Node X:  4.0000000596  , Y:  6.80000010133 ;
Node X:  4.20000006258  , Y:  6.80000010133 ;
Node X:  4.40000006557  , Y:  6.80000010133 ;
Node X:  4.60000006855  , Y:  6.80000010133 ;
Node X:  4.80000007153  , Y:  6.80000010133 ;
Node X:  5.00000007451  , Y:  6.80000010133 ;
Node X:  5.20000007749  , Y:  6.80000010133 ;
Node X:  5.40000008047  , Y:  6.80000010133 ;
Node X:  5.60000008345  , Y:  6.80000010133 ;
Node X:  5.80000008643  , Y:  6.80000010133 ;
Node X:  6.00000008941  , Y:  6.80000010133 ;
Node X:  6.20000009239  , Y:  6.80000010133 ;
Node X:  6.40000009537  , Y:  6.80000010133 ;
Node X:  6.60000009835  , Y:  6.80000010133 ;
Node X:  6.80000010133  , Y:  6.80000010133 ;
Node X:  7.00000010431  , Y:  6.80000010133 ;
Node X:  7.20000010729  , Y:  6.80000010133 ;
Node X:  7.40000011027  , Y:  6.80000010133 ;
Node X:  0.40000000596  , Y:  7.00000010431 ;
Node X:  0.600000008941  , Y:  7.00000010431 ;
Node X:  0.800000011921  , Y:  7.00000010431 ;
Node X:  1.0000000149  , Y:  7.00000010431 ;
Node X:  1.20000001788  , Y:  7.00000010431 ;
Node X:  1.40000002086  , Y:  7.00000010431 ;
Node X:  1.60000002384  , Y:  7.00000010431 ;
Node X:  1.80000002682  , Y:  7.00000010431 ;
Node X:  2.0000000298  , Y:  7.00000010431 ;
Node X:  2.20000003278  , Y:  7.00000010431 ;
Node X:  2.40000003576  , Y:  7.00000010431 ;
Node X:  2.60000003874  , Y:  7.00000010431 ;
Node X:  2.80000004172  , Y:  7.00000010431 ;
Node X:  3.0000000447  , Y:  7.00000010431 ;
Node X:  3.20000004768  , Y:  7.00000010431 ;
Node X:  3.40000005066  , Y:  7.00000010431 ;
Node X:  3.60000005364  , Y:  7.00000010431 ;
Node X:  3.80000005662  , Y:  7.00000010431 ;
Node X:  4.0000000596  , Y:  7.00000010431 ;
Node X:  4.20000006258  , Y:  7.00000010431 ;
Node X:  4.40000006557  , Y:  7.00000010431 ;
Node X:  4.60000006855  , Y:  7.00000010431 ;
Node X:  4.80000007153  , Y:  7.00000010431 ;
Node X:  5.00000007451  , Y:  7.00000010431 ;
Node X:  5.20000007749  , Y:  7.00000010431 ;
Node X:  5.40000008047  , Y:  7.00000010431 ;
Node X:  5.60000008345  , Y:  7.00000010431 ;
Node X:  5.80000008643  , Y:  7.00000010431 ;
Node X:  6.00000008941  , Y:  7.00000010431 ;
Node X:  6.20000009239  , Y:  7.00000010431 ;
Node X:  6.40000009537  , Y:  7.00000010431 ;
Node X:  6.60000009835  , Y:  7.00000010431 ;
Node X:  6.80000010133  , Y:  7.00000010431 ;
Node X:  7.00000010431  , Y:  7.00000010431 ;
Node X:  7.20000010729  , Y:  7.00000010431 ;
Node X:  7.40000011027  , Y:  7.00000010431 ;
Node X:  0.40000000596  , Y:  7.20000010729 ;
Node X:  0.600000008941  , Y:  7.20000010729 ;
Node X:  0.800000011921  , Y:  7.20000010729 ;
Node X:  1.0000000149  , Y:  7.20000010729 ;
Node X:  1.20000001788  , Y:  7.20000010729 ;
Node X:  1.40000002086  , Y:  7.20000010729 ;
Node X:  1.60000002384  , Y:  7.20000010729 ;
Node X:  1.80000002682  , Y:  7.20000010729 ;
Node X:  2.0000000298  , Y:  7.20000010729 ;
Node X:  2.20000003278  , Y:  7.20000010729 ;
Node X:  2.40000003576  , Y:  7.20000010729 ;
Node X:  2.60000003874  , Y:  7.20000010729 ;
Node X:  2.80000004172  , Y:  7.20000010729 ;
Node X:  3.0000000447  , Y:  7.20000010729 ;
Node X:  3.20000004768  , Y:  7.20000010729 ;
Node X:  3.40000005066  , Y:  7.20000010729 ;
Node X:  3.60000005364  , Y:  7.20000010729 ;
Node X:  3.80000005662  , Y:  7.20000010729 ;
Node X:  4.0000000596  , Y:  7.20000010729 ;
Node X:  4.20000006258  , Y:  7.20000010729 ;
Node X:  4.40000006557  , Y:  7.20000010729 ;
Node X:  4.60000006855  , Y:  7.20000010729 ;
Node X:  4.80000007153  , Y:  7.20000010729 ;
Node X:  5.00000007451  , Y:  7.20000010729 ;
Node X:  5.20000007749  , Y:  7.20000010729 ;
Node X:  5.40000008047  , Y:  7.20000010729 ;
Node X:  5.60000008345  , Y:  7.20000010729 ;
Node X:  5.80000008643  , Y:  7.20000010729 ;
Node X:  6.00000008941  , Y:  7.20000010729 ;
Node X:  6.20000009239  , Y:  7.20000010729 ;
Node X:  6.40000009537  , Y:  7.20000010729 ;
Node X:  6.60000009835  , Y:  7.20000010729 ;
Node X:  6.80000010133  , Y:  7.20000010729 ;
Node X:  7.00000010431  , Y:  7.20000010729 ;
Node X:  7.20000010729  , Y:  7.20000010729 ;
Node X:  7.40000011027  , Y:  7.20000010729 ;
Node X:  0.40000000596  , Y:  7.40000011027 ;
Node X:  0.600000008941  , Y:  7.40000011027 ;
Node X:  0.800000011921  , Y:  7.40000011027 ;
Node X:  1.0000000149  , Y:  7.40000011027 ;
Node X:  1.20000001788  , Y:  7.40000011027 ;
Node X:  1.40000002086  , Y:  7.40000011027 ;
Node X:  1.60000002384  , Y:  7.40000011027 ;
Node X:  1.80000002682  , Y:  7.40000011027 ;
Node X:  2.0000000298  , Y:  7.40000011027 ;
Node X:  2.20000003278  , Y:  7.40000011027 ;
Node X:  2.40000003576  , Y:  7.40000011027 ;
Node X:  2.60000003874  , Y:  7.40000011027 ;
Node X:  2.80000004172  , Y:  7.40000011027 ;
Node X:  3.0000000447  , Y:  7.40000011027 ;
Node X:  3.20000004768  , Y:  7.40000011027 ;
Node X:  3.40000005066  , Y:  7.40000011027 ;
Node X:  3.60000005364  , Y:  7.40000011027 ;
Node X:  3.80000005662  , Y:  7.40000011027 ;
Node X:  4.0000000596  , Y:  7.40000011027 ;
Node X:  4.20000006258  , Y:  7.40000011027 ;
Node X:  4.40000006557  , Y:  7.40000011027 ;
Node X:  4.60000006855  , Y:  7.40000011027 ;
Node X:  4.80000007153  , Y:  7.40000011027 ;
Node X:  5.00000007451  , Y:  7.40000011027 ;
Node X:  5.20000007749  , Y:  7.40000011027 ;
Node X:  5.40000008047  , Y:  7.40000011027 ;
Node X:  5.60000008345  , Y:  7.40000011027 ;
Node X:  5.80000008643  , Y:  7.40000011027 ;
Node X:  6.00000008941  , Y:  7.40000011027 ;
Node X:  6.20000009239  , Y:  7.40000011027 ;
Node X:  6.40000009537  , Y:  7.40000011027 ;
Node X:  6.60000009835  , Y:  7.40000011027 ;
Node X:  6.80000010133  , Y:  7.40000011027 ;
Node X:  7.00000010431  , Y:  7.40000011027 ;
Node X:  7.20000010729  , Y:  7.40000011027 ;
Node X:  7.40000011027  , Y:  7.40000011027 ;
Node X:  0.40000000596  , Y:  7.60000011325 ;
Node X:  0.600000008941  , Y:  7.60000011325 ;
Node X:  0.800000011921  , Y:  7.60000011325 ;
Node X:  1.0000000149  , Y:  7.60000011325 ;
Node X:  1.20000001788  , Y:  7.60000011325 ;
Node X:  1.40000002086  , Y:  7.60000011325 ;
Node X:  1.60000002384  , Y:  7.60000011325 ;
Node X:  1.80000002682  , Y:  7.60000011325 ;
Node X:  2.0000000298  , Y:  7.60000011325 ;
Node X:  2.20000003278  , Y:  7.60000011325 ;
Node X:  2.40000003576  , Y:  7.60000011325 ;
Node X:  2.60000003874  , Y:  7.60000011325 ;
Node X:  2.80000004172  , Y:  7.60000011325 ;
Node X:  3.0000000447  , Y:  7.60000011325 ;
Node X:  3.20000004768  , Y:  7.60000011325 ;
Node X:  3.40000005066  , Y:  7.60000011325 ;
Node X:  3.60000005364  , Y:  7.60000011325 ;
Node X:  3.80000005662  , Y:  7.60000011325 ;
Node X:  4.0000000596  , Y:  7.60000011325 ;
Node X:  4.20000006258  , Y:  7.60000011325 ;
Node X:  4.40000006557  , Y:  7.60000011325 ;
Node X:  4.60000006855  , Y:  7.60000011325 ;
Node X:  4.80000007153  , Y:  7.60000011325 ;
Node X:  5.00000007451  , Y:  7.60000011325 ;
Node X:  5.20000007749  , Y:  7.60000011325 ;
Node X:  5.40000008047  , Y:  7.60000011325 ;
Node X:  5.60000008345  , Y:  7.60000011325 ;
Node X:  5.80000008643  , Y:  7.60000011325 ;
Node X:  6.00000008941  , Y:  7.60000011325 ;
Node X:  6.20000009239  , Y:  7.60000011325 ;
Node X:  6.40000009537  , Y:  7.60000011325 ;
Node X:  6.60000009835  , Y:  7.60000011325 ;
Node X:  6.80000010133  , Y:  7.60000011325 ;
Node X:  7.00000010431  , Y:  7.60000011325 ;
Node X:  7.20000010729  , Y:  7.60000011325 ;
Node X:  7.40000011027  , Y:  7.60000011325 ;
Node X:  0.40000000596  , Y:  7.80000011623 ;
Node X:  0.600000008941  , Y:  7.80000011623 ;
Node X:  0.800000011921  , Y:  7.80000011623 ;
Node X:  1.0000000149  , Y:  7.80000011623 ;
Node X:  1.20000001788  , Y:  7.80000011623 ;
Node X:  1.40000002086  , Y:  7.80000011623 ;
Node X:  1.60000002384  , Y:  7.80000011623 ;
Node X:  1.80000002682  , Y:  7.80000011623 ;
Node X:  2.0000000298  , Y:  7.80000011623 ;
Node X:  2.20000003278  , Y:  7.80000011623 ;
Node X:  2.40000003576  , Y:  7.80000011623 ;
Node X:  2.60000003874  , Y:  7.80000011623 ;
Node X:  2.80000004172  , Y:  7.80000011623 ;
Node X:  3.0000000447  , Y:  7.80000011623 ;
Node X:  3.20000004768  , Y:  7.80000011623 ;
Node X:  3.40000005066  , Y:  7.80000011623 ;
Node X:  3.60000005364  , Y:  7.80000011623 ;
Node X:  3.80000005662  , Y:  7.80000011623 ;
Node X:  4.0000000596  , Y:  7.80000011623 ;
Node X:  4.20000006258  , Y:  7.80000011623 ;
Node X:  4.40000006557  , Y:  7.80000011623 ;
Node X:  4.60000006855  , Y:  7.80000011623 ;
Node X:  4.80000007153  , Y:  7.80000011623 ;
Node X:  5.00000007451  , Y:  7.80000011623 ;
Node X:  5.20000007749  , Y:  7.80000011623 ;
Node X:  5.40000008047  , Y:  7.80000011623 ;
Node X:  5.60000008345  , Y:  7.80000011623 ;
Node X:  5.80000008643  , Y:  7.80000011623 ;
Node X:  6.00000008941  , Y:  7.80000011623 ;
Node X:  6.20000009239  , Y:  7.80000011623 ;
Node X:  6.40000009537  , Y:  7.80000011623 ;
Node X:  6.60000009835  , Y:  7.80000011623 ;
Node X:  6.80000010133  , Y:  7.80000011623 ;
Node X:  7.00000010431  , Y:  7.80000011623 ;
Node X:  7.20000010729  , Y:  7.80000011623 ;
Node X:  7.40000011027  , Y:  7.80000011623 ;
Node X:  0.40000000596  , Y:  8.00000011921 ;
Node X:  0.600000008941  , Y:  8.00000011921 ;
Node X:  0.800000011921  , Y:  8.00000011921 ;
Node X:  1.0000000149  , Y:  8.00000011921 ;
Node X:  1.20000001788  , Y:  8.00000011921 ;
Node X:  1.40000002086  , Y:  8.00000011921 ;
Node X:  1.60000002384  , Y:  8.00000011921 ;
Node X:  1.80000002682  , Y:  8.00000011921 ;
Node X:  2.0000000298  , Y:  8.00000011921 ;
Node X:  2.20000003278  , Y:  8.00000011921 ;
Node X:  2.40000003576  , Y:  8.00000011921 ;
Node X:  2.60000003874  , Y:  8.00000011921 ;
Node X:  2.80000004172  , Y:  8.00000011921 ;
Node X:  3.0000000447  , Y:  8.00000011921 ;
Node X:  3.20000004768  , Y:  8.00000011921 ;
Node X:  3.40000005066  , Y:  8.00000011921 ;
Node X:  3.60000005364  , Y:  8.00000011921 ;
Node X:  3.80000005662  , Y:  8.00000011921 ;
Node X:  4.0000000596  , Y:  8.00000011921 ;
Node X:  4.20000006258  , Y:  8.00000011921 ;
Node X:  4.40000006557  , Y:  8.00000011921 ;
Node X:  4.60000006855  , Y:  8.00000011921 ;
Node X:  4.80000007153  , Y:  8.00000011921 ;
Node X:  5.00000007451  , Y:  8.00000011921 ;
Node X:  5.20000007749  , Y:  8.00000011921 ;
Node X:  5.40000008047  , Y:  8.00000011921 ;
Node X:  5.60000008345  , Y:  8.00000011921 ;
Node X:  5.80000008643  , Y:  8.00000011921 ;
Node X:  6.00000008941  , Y:  8.00000011921 ;
Node X:  6.20000009239  , Y:  8.00000011921 ;
Node X:  6.40000009537  , Y:  8.00000011921 ;
Node X:  6.60000009835  , Y:  8.00000011921 ;
Node X:  6.80000010133  , Y:  8.00000011921 ;
Node X:  7.00000010431  , Y:  8.00000011921 ;
Node X:  7.20000010729  , Y:  8.00000011921 ;
Node X:  0.600000008941  , Y:  8.20000012219 ;
Node X:  0.800000011921  , Y:  8.20000012219 ;
Node X:  1.0000000149  , Y:  8.20000012219 ;
Node X:  1.20000001788  , Y:  8.20000012219 ;
Node X:  1.40000002086  , Y:  8.20000012219 ;
Node X:  1.60000002384  , Y:  8.20000012219 ;
Node X:  1.80000002682  , Y:  8.20000012219 ;
Node X:  2.0000000298  , Y:  8.20000012219 ;
Node X:  2.20000003278  , Y:  8.20000012219 ;
Node X:  2.40000003576  , Y:  8.20000012219 ;
Node X:  2.60000003874  , Y:  8.20000012219 ;
Node X:  2.80000004172  , Y:  8.20000012219 ;
Node X:  3.0000000447  , Y:  8.20000012219 ;
Node X:  3.20000004768  , Y:  8.20000012219 ;
Node X:  3.40000005066  , Y:  8.20000012219 ;
Node X:  3.60000005364  , Y:  8.20000012219 ;
Node X:  3.80000005662  , Y:  8.20000012219 ;
Node X:  4.0000000596  , Y:  8.20000012219 ;
Node X:  4.20000006258  , Y:  8.20000012219 ;
Node X:  4.40000006557  , Y:  8.20000012219 ;
Node X:  4.60000006855  , Y:  8.20000012219 ;
Node X:  4.80000007153  , Y:  8.20000012219 ;
Node X:  5.00000007451  , Y:  8.20000012219 ;
Node X:  5.20000007749  , Y:  8.20000012219 ;
Node X:  5.40000008047  , Y:  8.20000012219 ;
Node X:  5.60000008345  , Y:  8.20000012219 ;
Node X:  5.80000008643  , Y:  8.20000012219 ;
Node X:  6.00000008941  , Y:  8.20000012219 ;
Node X:  6.20000009239  , Y:  8.20000012219 ;
Node X:  6.40000009537  , Y:  8.20000012219 ;
Node X:  6.60000009835  , Y:  8.20000012219 ;
Node X:  6.80000010133  , Y:  8.20000012219 ;
Node X:  7.00000010431  , Y:  8.20000012219 ;
Node X:  7.20000010729  , Y:  8.20000012219 ;
Node X:  0.600000008941  , Y:  8.40000012517 ;
Node X:  0.800000011921  , Y:  8.40000012517 ;
Node X:  1.0000000149  , Y:  8.40000012517 ;
Node X:  1.20000001788  , Y:  8.40000012517 ;
Node X:  1.40000002086  , Y:  8.40000012517 ;
Node X:  1.60000002384  , Y:  8.40000012517 ;
Node X:  1.80000002682  , Y:  8.40000012517 ;
Node X:  2.0000000298  , Y:  8.40000012517 ;
Node X:  2.20000003278  , Y:  8.40000012517 ;
Node X:  2.40000003576  , Y:  8.40000012517 ;
Node X:  2.60000003874  , Y:  8.40000012517 ;
Node X:  2.80000004172  , Y:  8.40000012517 ;
Node X:  3.0000000447  , Y:  8.40000012517 ;
Node X:  3.20000004768  , Y:  8.40000012517 ;
Node X:  3.40000005066  , Y:  8.40000012517 ;
Node X:  3.60000005364  , Y:  8.40000012517 ;
Node X:  3.80000005662  , Y:  8.40000012517 ;
Node X:  4.0000000596  , Y:  8.40000012517 ;
Node X:  4.20000006258  , Y:  8.40000012517 ;
Node X:  4.40000006557  , Y:  8.40000012517 ;
Node X:  4.60000006855  , Y:  8.40000012517 ;
Node X:  4.80000007153  , Y:  8.40000012517 ;
Node X:  5.00000007451  , Y:  8.40000012517 ;
Node X:  5.20000007749  , Y:  8.40000012517 ;
Node X:  5.40000008047  , Y:  8.40000012517 ;
Node X:  5.60000008345  , Y:  8.40000012517 ;
Node X:  5.80000008643  , Y:  8.40000012517 ;
Node X:  6.00000008941  , Y:  8.40000012517 ;
Node X:  6.20000009239  , Y:  8.40000012517 ;
Node X:  6.40000009537  , Y:  8.40000012517 ;
Node X:  6.60000009835  , Y:  8.40000012517 ;
Node X:  6.80000010133  , Y:  8.40000012517 ;
Node X:  7.00000010431  , Y:  8.40000012517 ;
Node X:  0.800000011921  , Y:  8.60000012815 ;
Node X:  1.0000000149  , Y:  8.60000012815 ;
Node X:  1.20000001788  , Y:  8.60000012815 ;
Node X:  1.40000002086  , Y:  8.60000012815 ;
Node X:  1.60000002384  , Y:  8.60000012815 ;
Node X:  1.80000002682  , Y:  8.60000012815 ;
Node X:  2.0000000298  , Y:  8.60000012815 ;
Node X:  2.20000003278  , Y:  8.60000012815 ;
Node X:  2.40000003576  , Y:  8.60000012815 ;
Node X:  2.60000003874  , Y:  8.60000012815 ;
Node X:  2.80000004172  , Y:  8.60000012815 ;
Node X:  3.0000000447  , Y:  8.60000012815 ;
Node X:  3.20000004768  , Y:  8.60000012815 ;
Node X:  3.40000005066  , Y:  8.60000012815 ;
Node X:  3.60000005364  , Y:  8.60000012815 ;
Node X:  3.80000005662  , Y:  8.60000012815 ;
Node X:  4.0000000596  , Y:  8.60000012815 ;
Node X:  4.20000006258  , Y:  8.60000012815 ;
Node X:  4.40000006557  , Y:  8.60000012815 ;
Node X:  4.60000006855  , Y:  8.60000012815 ;
Node X:  4.80000007153  , Y:  8.60000012815 ;
Node X:  5.00000007451  , Y:  8.60000012815 ;
Node X:  5.20000007749  , Y:  8.60000012815 ;
Node X:  5.40000008047  , Y:  8.60000012815 ;
Node X:  5.60000008345  , Y:  8.60000012815 ;
Node X:  5.80000008643  , Y:  8.60000012815 ;
Node X:  6.00000008941  , Y:  8.60000012815 ;
Node X:  6.20000009239  , Y:  8.60000012815 ;
Node X:  6.40000009537  , Y:  8.60000012815 ;
Node X:  6.60000009835  , Y:  8.60000012815 ;
Node X:  6.80000010133  , Y:  8.60000012815 ;
Node X:  1.0000000149  , Y:  8.80000013113 ;
Node X:  1.20000001788  , Y:  8.80000013113 ;
Node X:  1.40000002086  , Y:  8.80000013113 ;
Node X:  1.60000002384  , Y:  8.80000013113 ;
Node X:  1.80000002682  , Y:  8.80000013113 ;
Node X:  2.0000000298  , Y:  8.80000013113 ;
Node X:  2.20000003278  , Y:  8.80000013113 ;
Node X:  2.40000003576  , Y:  8.80000013113 ;
Node X:  2.60000003874  , Y:  8.80000013113 ;
Node X:  2.80000004172  , Y:  8.80000013113 ;
Node X:  3.0000000447  , Y:  8.80000013113 ;
Node X:  3.20000004768  , Y:  8.80000013113 ;
Node X:  3.40000005066  , Y:  8.80000013113 ;
Node X:  3.60000005364  , Y:  8.80000013113 ;
Node X:  3.80000005662  , Y:  8.80000013113 ;
Node X:  4.0000000596  , Y:  8.80000013113 ;
Node X:  4.20000006258  , Y:  8.80000013113 ;
Node X:  4.40000006557  , Y:  8.80000013113 ;
Node X:  4.60000006855  , Y:  8.80000013113 ;
Node X:  4.80000007153  , Y:  8.80000013113 ;
Node X:  5.00000007451  , Y:  8.80000013113 ;
Node X:  5.20000007749  , Y:  8.80000013113 ;
Node X:  5.40000008047  , Y:  8.80000013113 ;
Node X:  5.60000008345  , Y:  8.80000013113 ;
Node X:  5.80000008643  , Y:  8.80000013113 ;
Node X:  6.00000008941  , Y:  8.80000013113 ;
Node X:  6.20000009239  , Y:  8.80000013113 ;
Node X:  6.40000009537  , Y:  8.80000013113 ;
Node X:  6.60000009835  , Y:  8.80000013113 ;
Node X:  1.20000001788  , Y:  9.00000013411 ;
Node X:  1.40000002086  , Y:  9.00000013411 ;
Node X:  1.60000002384  , Y:  9.00000013411 ;
Node X:  1.80000002682  , Y:  9.00000013411 ;
Node X:  2.0000000298  , Y:  9.00000013411 ;
Node X:  2.20000003278  , Y:  9.00000013411 ;
Node X:  2.40000003576  , Y:  9.00000013411 ;
Node X:  2.60000003874  , Y:  9.00000013411 ;
Node X:  2.80000004172  , Y:  9.00000013411 ;
Node X:  3.0000000447  , Y:  9.00000013411 ;
Node X:  3.20000004768  , Y:  9.00000013411 ;
Node X:  3.40000005066  , Y:  9.00000013411 ;
Node X:  3.60000005364  , Y:  9.00000013411 ;
Node X:  3.80000005662  , Y:  9.00000013411 ;
Node X:  4.0000000596  , Y:  9.00000013411 ;
Node X:  4.20000006258  , Y:  9.00000013411 ;
Node X:  4.40000006557  , Y:  9.00000013411 ;
Node X:  4.60000006855  , Y:  9.00000013411 ;
Node X:  4.80000007153  , Y:  9.00000013411 ;
Node X:  5.00000007451  , Y:  9.00000013411 ;
Node X:  5.20000007749  , Y:  9.00000013411 ;
Node X:  5.40000008047  , Y:  9.00000013411 ;
Node X:  5.60000008345  , Y:  9.00000013411 ;
Node X:  5.80000008643  , Y:  9.00000013411 ;
Node X:  6.00000008941  , Y:  9.00000013411 ;
Node X:  6.20000009239  , Y:  9.00000013411 ;
Node X:  6.40000009537  , Y:  9.00000013411 ;
Node X:  6.60000009835  , Y:  9.00000013411 ;
Node X:  1.40000002086  , Y:  9.20000013709 ;
Node X:  1.60000002384  , Y:  9.20000013709 ;
Node X:  1.80000002682  , Y:  9.20000013709 ;
Node X:  2.0000000298  , Y:  9.20000013709 ;
Node X:  2.20000003278  , Y:  9.20000013709 ;
Node X:  2.40000003576  , Y:  9.20000013709 ;
Node X:  2.60000003874  , Y:  9.20000013709 ;
Node X:  2.80000004172  , Y:  9.20000013709 ;
Node X:  3.0000000447  , Y:  9.20000013709 ;
Node X:  3.20000004768  , Y:  9.20000013709 ;
Node X:  3.40000005066  , Y:  9.20000013709 ;
Node X:  3.60000005364  , Y:  9.20000013709 ;
Node X:  3.80000005662  , Y:  9.20000013709 ;
Node X:  4.0000000596  , Y:  9.20000013709 ;
Node X:  4.20000006258  , Y:  9.20000013709 ;
Node X:  4.40000006557  , Y:  9.20000013709 ;
Node X:  4.60000006855  , Y:  9.20000013709 ;
Node X:  4.80000007153  , Y:  9.20000013709 ;
Node X:  5.00000007451  , Y:  9.20000013709 ;
Node X:  5.20000007749  , Y:  9.20000013709 ;
Node X:  5.40000008047  , Y:  9.20000013709 ;
Node X:  5.60000008345  , Y:  9.20000013709 ;
Node X:  5.80000008643  , Y:  9.20000013709 ;
Node X:  6.00000008941  , Y:  9.20000013709 ;
Node X:  6.20000009239  , Y:  9.20000013709 ;
Node X:  6.40000009537  , Y:  9.20000013709 ;
Node X:  1.80000002682  , Y:  9.40000014007 ;
Node X:  2.0000000298  , Y:  9.40000014007 ;
Node X:  2.20000003278  , Y:  9.40000014007 ;
Node X:  2.40000003576  , Y:  9.40000014007 ;
Node X:  2.60000003874  , Y:  9.40000014007 ;
Node X:  2.80000004172  , Y:  9.40000014007 ;
Node X:  3.0000000447  , Y:  9.40000014007 ;
Node X:  3.20000004768  , Y:  9.40000014007 ;
Node X:  3.40000005066  , Y:  9.40000014007 ;
Node X:  3.60000005364  , Y:  9.40000014007 ;
Node X:  3.80000005662  , Y:  9.40000014007 ;
Node X:  4.0000000596  , Y:  9.40000014007 ;
Node X:  4.20000006258  , Y:  9.40000014007 ;
Node X:  4.40000006557  , Y:  9.40000014007 ;
Node X:  4.60000006855  , Y:  9.40000014007 ;
Node X:  4.80000007153  , Y:  9.40000014007 ;
Node X:  5.00000007451  , Y:  9.40000014007 ;
Node X:  5.20000007749  , Y:  9.40000014007 ;
Node X:  5.40000008047  , Y:  9.40000014007 ;
Node X:  5.60000008345  , Y:  9.40000014007 ;
Node X:  5.80000008643  , Y:  9.40000014007 ;
Node X:  6.00000008941  , Y:  9.40000014007 ;
Node X:  6.20000009239  , Y:  9.40000014007 ;
Node X:  2.0000000298  , Y:  9.60000014305 ;
Node X:  2.20000003278  , Y:  9.60000014305 ;
Node X:  2.40000003576  , Y:  9.60000014305 ;
Node X:  2.60000003874  , Y:  9.60000014305 ;
Node X:  2.80000004172  , Y:  9.60000014305 ;
Node X:  3.0000000447  , Y:  9.60000014305 ;
Node X:  3.20000004768  , Y:  9.60000014305 ;
Node X:  3.40000005066  , Y:  9.60000014305 ;
Node X:  3.60000005364  , Y:  9.60000014305 ;
Node X:  3.80000005662  , Y:  9.60000014305 ;
Node X:  4.0000000596  , Y:  9.60000014305 ;
Node X:  4.20000006258  , Y:  9.60000014305 ;
Node X:  4.40000006557  , Y:  9.60000014305 ;
Node X:  4.60000006855  , Y:  9.60000014305 ;
Node X:  4.80000007153  , Y:  9.60000014305 ;
Node X:  5.00000007451  , Y:  9.60000014305 ;
Node X:  5.20000007749  , Y:  9.60000014305 ;
Node X:  5.40000008047  , Y:  9.60000014305 ;
Node X:  5.60000008345  , Y:  9.60000014305 ;
Node X:  5.80000008643  , Y:  9.60000014305 ;
Node X:  6.00000008941  , Y:  9.60000014305 ;
Node X:  2.20000003278  , Y:  9.80000014603 ;
Node X:  2.40000003576  , Y:  9.80000014603 ;
Node X:  2.60000003874  , Y:  9.80000014603 ;
Node X:  2.80000004172  , Y:  9.80000014603 ;
Node X:  3.0000000447  , Y:  9.80000014603 ;
Node X:  3.20000004768  , Y:  9.80000014603 ;
Node X:  3.40000005066  , Y:  9.80000014603 ;
Node X:  3.60000005364  , Y:  9.80000014603 ;
Node X:  3.80000005662  , Y:  9.80000014603 ;
Node X:  4.0000000596  , Y:  9.80000014603 ;
Node X:  4.20000006258  , Y:  9.80000014603 ;
Node X:  4.40000006557  , Y:  9.80000014603 ;
Node X:  4.60000006855  , Y:  9.80000014603 ;
Node X:  4.80000007153  , Y:  9.80000014603 ;
Node X:  5.00000007451  , Y:  9.80000014603 ;
Node X:  5.20000007749  , Y:  9.80000014603 ;
Node X:  5.40000008047  , Y:  9.80000014603 ;
Node X:  5.60000008345  , Y:  9.80000014603 ;
Node X:  5.80000008643  , Y:  9.80000014603 ;
Node X:  2.60000003874  , Y:  10.000000149 ;
Node X:  2.80000004172  , Y:  10.000000149 ;
Node X:  3.0000000447  , Y:  10.000000149 ;
Node X:  3.20000004768  , Y:  10.000000149 ;
Node X:  3.40000005066  , Y:  10.000000149 ;
Node X:  3.60000005364  , Y:  10.000000149 ;
Node X:  3.80000005662  , Y:  10.000000149 ;
Node X:  4.0000000596  , Y:  10.000000149 ;
Node X:  4.20000006258  , Y:  10.000000149 ;
Node X:  4.40000006557  , Y:  10.000000149 ;
Node X:  4.60000006855  , Y:  10.000000149 ;
Node X:  4.80000007153  , Y:  10.000000149 ;
Node X:  5.00000007451  , Y:  10.000000149 ;
Node X:  5.20000007749  , Y:  10.000000149 ;
Node X:  5.40000008047  , Y:  10.000000149 ;
Node X:  5.60000008345  , Y:  10.000000149 ;
Node X:  3.0000000447  , Y:  10.200000152 ;
Node X:  3.20000004768  , Y:  10.200000152 ;
Node X:  3.40000005066  , Y:  10.200000152 ;
Node X:  3.60000005364  , Y:  10.200000152 ;
Node X:  3.80000005662  , Y:  10.200000152 ;
Node X:  4.0000000596  , Y:  10.200000152 ;
Node X:  4.20000006258  , Y:  10.200000152 ;
Node X:  4.40000006557  , Y:  10.200000152 ;
Node X:  4.60000006855  , Y:  10.200000152 ;
Node X:  4.80000007153  , Y:  10.200000152 ;
Node X:  5.00000007451  , Y:  10.200000152 ;
Coverted occupancyGrid, looking for start
<PARbot_dijkstra.GraphNode object at 0x7f8fe4072c10>
Got start, looking for target
9223372036854775807
<PARbot_dijkstra.GraphNode object at 0x7f8fe4098b50>
Got Target
target score 9223372036854775807
